"song.id","bird.id","location","dialect","region","year","distance","peak_LZeq.band","bg.band","peak_LZeq.total","peak_LZeq.song","song.LZ_peak","song.LZF_peak","max_range","r.eq.p75","r.eq.p50","r.eq.p25","r.F.p75","r.F.p50","r.F.p25","s.F.p75","s.F.p50","s.F.p25"
"PR__ABLA.005_01950","AB3_20","ABLA","Abbot","Rural","Y2020",8,"FFCZ4000",13.529,58.194,57.194,75.256,75.256,31.938,4.667,8.548,21.253,5.173,8.713,14.592,6.292,10.85,20.275
"PR__ABLA.005_02750","AB3_20","ABLA","Abbot","Rural","Y2020",8,"FFCZ4000",28.96,55.746,54.735,72.796,72.796,4.072,1.78,2.817,4.395,2.064,2.92,3.325,2.438,3.127,3.812
"PR__ABLA.005_03750","AB3_20","ABLA","Abbot","Rural","Y2020",8,"FFCZ4000",16.699,48.051,47.047,65.109,65.109,6.894,2.614,4.824,6.968,2.978,4.35,6.156,4.746,6.308,6.937
"PR__ABLA.005_04700","AB3_20","ABLA","Abbot","Rural","Y2020",8,"FFCZ4000",18.452,58.113,57.112,75.174,75.174,17.95,5.034,8.611,18.488,6.276,11.072,13.547,7.324,13.743,15.544
"PR__ABLA.005_05550","AB3_20","ABLA","Abbot","Rural","Y2020",8,"FFCZ5000",18.316,59.647,58.653,76.715,76.715,18.485,5.124,9.902,17.88,6.454,11.077,14.095,9.507,14.771,16.34
"PR__ABLA.010_00650","AB5_20","ABLA","Abbot","Rural","Y2020",14,"FFCZ5000",19.11,52.996,52.494,75.416,75.416,14.527,2.929,5.431,9.535,3.498,6.177,8.586,4.823,6.966,11.883
"PR__ABLA.010_01950","AB5_20","ABLA","Abbot","Rural","Y2020",14,"FFCZ5000",18.15,56.741,56.241,79.163,79.163,24.976,3.942,7.594,18.035,3.368,9.341,15.376,7.26,14.009,20.22
"PR__ABLA.010_03250","AB5_20","ABLA","Abbot","Rural","Y2020",14,"FFCZ4000",17.515,55.654,54.653,77.575,77.575,26.361,5.826,11.457,24.273,7.414,14.586,18.876,11.153,18.607,21.117
"PR__ABLA.010_04250","AB5_20","ABLA","Abbot","Rural","Y2020",14,"FFCZ5000",20.237,56.143,55.641,78.564,78.564,18.333,2.444,7.042,14.316,3.536,8.882,11.459,7.696,11.242,15.892
"PR__ABLA.016_04100","AB9_20","ABLA","Abbot","Rural","Y2020",9,"FFCZ4000",17.017,54.192,53.19,72.275,72.275,15.166,3.291,5.511,9.146,3.323,4.616,7.644,3.894,5.857,9.272
"PR__ABLA.016_04750","AB9_20","ABLA","Abbot","Rural","Y2020",9,"FFCZ4000",17.017,52.345,51.343,70.428,70.428,12.261,3.333,5.42,9.89,3.435,4.974,7.479,5.157,6.845,8.036
"PR__ABLA.016_05600","AB9_20","ABLA","Abbot","Rural","Y2020",9,"FFCZ4000",17.017,51.135,50.133,69.217,69.217,10.665,4.158,6.557,9.82,3.949,6.482,8.736,5.371,8.287,9.001
"PR__ABLA.016_06350","AB9_20","ABLA","Abbot","Rural","Y2020",9,"FFCZ4000",17.017,52.349,51.347,70.432,70.432,12.266,3.76,7.013,10.375,4.073,6.333,9.227,5.267,7.078,10.236
"PR__ABLA.016_06900","AB9_20","ABLA","Abbot","Rural","Y2020",9,"FFCZ5000",18.312,53.935,53.146,72.231,72.231,11.036,4.441,8.293,14.849,5.016,8.643,12.817,7.444,11.036,13.153
"PR__ABLA.016_08750","AB9_20","ABLA","Abbot","Rural","Y2020",9,"FFCZ4000",17.017,56.545,55.545,74.63,74.63,19.889,5.376,8.813,15.524,6.165,8.86,12.914,6.908,9.765,14.457
"PR__ABLA.016_11100","AB9_20","ABLA","Abbot","Rural","Y2020",9,"FFCZ4000",20.414,55.677,54.675,73.76,73.76,12.169,4.114,6.542,9.38,4.836,6.026,7.276,5.607,6.942,8.13
"PR__ABLA.016_12100","AB9_20","ABLA","Abbot","Rural","Y2020",9,"FFCZ4000",20.414,54.865,53.863,72.947,72.947,11.082,3.564,5.347,9.613,4.113,5.806,7.99,4.273,7.197,8.768
"PR__ABLA.048_00750","COMW10_20","COMW","Commonweal","Rural","Y2020",20,"FFCZ4000",14.616,55.708,54.707,80.728,80.728,52.913,9.371,21.594,34.568,8.566,18.158,26.002,17.513,25.475,28.058
"PR__ABLA.048_01850","COMW10_20","COMW","Commonweal","Rural","Y2020",20,"FFCZ4000",21.106,56.892,55.89,81.911,81.911,28.722,4.468,7.659,12.334,4.571,5.48,10.138,5.93,9.157,11.5
"PR__ABLA.048_03300","COMW10_20","COMW","Commonweal","Rural","Y2020",20,"FFCZ4000",14.616,56.404,55.403,81.424,81.424,57.327,11.377,22.538,32.357,9.174,17.11,25.33,15.6,24.587,30.971
"PR__ABLA.048_04500","COMW10_20","COMW","Commonweal","Rural","Y2020",20,"FFCZ4000",14.616,56.456,55.456,81.476,81.476,57.671,10.174,17.042,44.357,9.15,14.746,33.434,11.258,27.209,37.172
"PR__ABLA.048_05800","COMW10_20","COMW","Commonweal","Rural","Y2020",20,"FFCZ4000",14.616,56.721,55.72,81.741,81.741,59.458,6.918,14.245,30.343,7.497,13.486,22.704,10.296,21.773,28.931
"PR__COMW.004_06000","COMW4_20","COMW","Commonweal","Rural","Y2020",8,"FFCZ4000",24.173,64.627,63.627,81.688,81.688,19.666,5.828,10.895,17.767,6.126,10.084,13.079,8.178,12.927,15.081
"PR__COMW.004_07650","COMW4_20","COMW","Commonweal","Rural","Y2020",8,"FFCZ4000",24.173,67.847,66.846,84.908,84.908,28.491,6.308,12.627,18.038,5.058,11.114,13.768,7.812,12.906,17.36
"PR__COMW.004_09250","COMW4_20","COMW","Commonweal","Rural","Y2020",8,"FFCZ4000",17.8,65.371,64.371,82.433,82.433,44.628,13.262,28.74,40.862,14.158,24.434,30.624,22.691,29.312,39.421
"PR__COMW.004_10600","COMW4_20","COMW","Commonweal","Rural","Y2020",8,"FFCZ4000",17.8,66.215,65.215,83.276,83.276,49.177,12.992,19.45,36.871,12.208,19.152,29.996,18.419,32.37,36.875
"PR__COMW.004_12350","COMW4_20","COMW","Commonweal","Rural","Y2020",8,"FFCZ4000",17.8,68.776,67.776,85.838,85.838,66.048,12.673,29.005,45.796,11.843,27.933,37.115,19.698,33.605,41.403
"PR__COMW.004_14150","COMW4_20","COMW","Commonweal","Rural","Y2020",8,"FFCZ4000",17.8,66.941,65.941,84.003,84.003,53.47,10.115,20.348,42.463,9.772,17.108,31.307,14.519,25.337,38.035
"PR__COMW.004_15650","COMW4_20","COMW","Commonweal","Rural","Y2020",8,"FFCZ4000",24.173,67.416,66.416,84.477,84.477,27.112,6.138,12.355,25.477,6.401,14.627,18.463,9.323,18.29,21.711
"PR__COMW.004_17550","COMW4_20","COMW","Commonweal","Rural","Y2020",8,"FFCZ4000",24.173,67.234,66.234,84.296,84.296,26.553,7.757,13.874,20.397,5.952,13.477,16.536,9.441,14.867,18.674
"PR__COMW.004_19150","COMW4_20","COMW","Commonweal","Rural","Y2020",8,"FFCZ4000",24.173,64.447,63.446,81.508,81.508,19.262,5.055,9.974,18.747,4.394,10.894,14.838,8.3,14.57,17.533
"PR__COMW.007_01250","COMW5_20","COMW","Commonweal","Rural","Y2020",9,"FFCZ4000",20.952,56.148,55.146,74.231,74.231,12.076,2.667,5.841,9.76,2.679,5.745,8.515,4.145,8.103,10.018
"PR__COMW.007_03350","COMW5_20","COMW","Commonweal","Rural","Y2020",9,"FFCZ4000",20.952,55.404,54.402,73.487,73.487,11.084,2.214,5.161,7.779,2.745,4.485,6.503,3.089,5.429,7.178
"PR__COMW.007_04700","COMW5_20","COMW","Commonweal","Rural","Y2020",9,"FFCZ4000",20.952,59.007,58.006,77.091,77.091,16.785,2.112,5.057,11.793,1.89,4.604,7.91,2.787,6.48,10.262
"PR__COMW.007_06750","COMW5_20","COMW","Commonweal","Rural","Y2020",9,"FFCZ4000",20.952,60.878,59.878,78.963,78.963,20.821,2.679,6.447,13.301,2.679,5.851,10.715,3.375,7.127,12.724
"PR__COMW.007_08950","COMW5_20","COMW","Commonweal","Rural","Y2020",9,"FFCZ5000",17.181,55.215,54.449,73.533,73.533,14.604,1.927,5.335,9.713,1.714,5.215,8.338,2.691,7.157,9.687
"PR__COMW.007_10900","COMW5_20","COMW","Commonweal","Rural","Y2020",9,"FFCZ3150",23.44,53.842,52.637,71.722,71.722,7.828,2.264,4.586,6.841,2.547,4.563,6.015,3.292,6.112,6.601
"PR__COMW.015_00250","COMW9_20","COMW","Commonweal","Rural","Y2020",13,"FFCZ4000",23.478,54.678,53.674,75.953,75.953,11.008,1.394,3.153,6.236,1.513,3.066,5.126,2.315,3.984,6.641
"PR__COMW.015_01150","COMW9_20","COMW","Commonweal","Rural","Y2020",13,"FFCZ4000",23.478,58.309,57.307,79.586,79.586,16.725,2.174,8.477,15.804,2.035,7.825,13.624,2.988,9.287,13.552
"PR__COMW.015_01750","COMW9_20","COMW","Commonweal","Rural","Y2020",13,"FFCZ4000",23.478,50.042,49.03,71.309,71.309,6.449,2.601,4.274,5.586,2.752,3.73,4.892,3.626,4.698,5.433
"PR__COMW.015_02450","COMW9_20","COMW","Commonweal","Rural","Y2020",13,"FFCZ4000",23.478,59.86,58.859,81.138,81.138,19.997,2.075,5.29,10.939,1.756,5.252,9.148,2.99,6.974,11.71
"PR__COMW.015_03300","COMW9_20","COMW","Commonweal","Rural","Y2020",13,"FFCZ4000",23.478,59.5,58.499,80.778,80.778,19.185,3.794,7.314,11.527,3.974,6.038,10.094,5.373,8.603,11.853
"PR__COMW.015_04100","COMW9_20","COMW","Commonweal","Rural","Y2020",13,"FFCZ4000",23.478,57.768,56.766,79.045,79.045,15.715,2.755,4.781,9.9,2.636,3.788,8.112,3.5,5.237,11.063
"PR__COMW.015_05000","COMW9_20","COMW","Commonweal","Rural","Y2020",13,"FFCZ4000",23.478,60.325,59.324,81.603,81.603,21.097,2.347,6.768,12.861,2.798,6.207,11.529,6.25,8.426,14.36
"PR__COMW.015_05650","COMW9_20","COMW","Commonweal","Rural","Y2020",13,"FFCZ4000",23.478,57.994,56.992,79.271,79.271,16.129,2.633,4.774,9.396,2.084,4.844,8.223,3.939,7.025,9.877
"PR__COMW.015_06450","COMW9_20","COMW","Commonweal","Rural","Y2020",13,"FFCZ4000",23.478,58.521,57.519,79.798,79.798,17.138,3.58,7.396,14.288,4.242,6.938,10.945,5.384,8.896,12.481
"PR__COMW.015_07150","COMW9_20","COMW","Commonweal","Rural","Y2020",13,"FFCZ4000",23.478,52.997,51.991,74.27,74.27,9.069,3.336,4.392,7.806,3.499,4.222,6.502,3.704,5.217,7.51
"PR__COMW.018_00650","COMW11_20","COMW","Commonweal","Rural","Y2020",9,"FFCZ4000",13.347,58.642,57.642,76.727,76.727,38.633,8.54,16.809,30.579,9.832,15.339,21.48,11.108,18.384,26.915
"PR__COMW.019_00350","COMW11_20","COMW","Commonweal","Rural","Y2020",14,"FFCZ5000",16.554,57.171,56.671,79.593,79.593,31.538,10.314,18.436,25.092,9.818,15.537,20.271,12.73,17.3,25.888
"PR__COMW.019_01350","COMW11_20","COMW","Commonweal","Rural","Y2020",14,"FFCZ5000",11.162,56.994,56.493,79.416,79.416,57.488,12.674,19.861,29.796,14.643,19.468,24.487,19.325,23.53,29.183
"PR__COMW.019_02900","COMW11_20","COMW","Commonweal","Rural","Y2020",14,"FFCZ5000",16.554,57.872,57.372,80.294,80.294,34.188,7.284,14.489,22.197,8.758,12.102,20.947,10.31,16.159,26.577
"PR__COMW.019_03800","COMW11_20","COMW","Commonweal","Rural","Y2020",14,"FFCZ5000",16.554,56.578,56.077,79,79,29.456,10.248,18.919,27.56,11.501,16.557,21.697,15.842,19.221,25.443
"PR__COMW.019_05500","COMW11_20","COMW","Commonweal","Rural","Y2020",14,"FFCZ5000",16.554,59.213,58.713,81.636,81.636,39.901,10.605,18.03,26.966,9.018,17.925,21.751,13.345,21.697,26.113
"SF__BE__.050_00150","FS4_20","FWSC","San_Fran","Urban","Y2020",5,"FFCZ4000",34.825,63.089,62.08,76.06,76.06,3.018,0.914,1.319,2.335,1.392,1.833,2.226,1.485,2.046,2.488
"SF__BE__.050_02350","FS4_20","FWSC","San_Fran","Urban","Y2020",5,"FFCZ4000",27.904,61.682,60.68,74.659,74.659,5.698,2.06,2.947,3.984,2.608,3.299,4.217,2.955,3.515,4.372
"SF__BE__.050_03350","FS4_20","FWSC","San_Fran","Urban","Y2020",5,"FFCZ4000",34.825,62.261,61.252,75.231,75.231,2.743,0.617,1.212,2.294,1.354,1.731,2.343,1.506,1.898,2.486
"SF__BE__.100_00350","FS12_20","FWSC","San_Fran","Urban","Y2020",6,"FFCZ5000",26.454,56.594,56.089,71.652,71.652,4.044,0.548,1.178,1.72,0.923,1.383,1.622,1.07,1.478,2.646
"SF__BE__.100_01650","FS12_20","FWSC","San_Fran","Urban","Y2020",6,"FFCZ5000",26.454,54.167,53.658,69.221,69.221,3.057,0.567,1.083,1.52,0.921,1.207,1.506,1.018,1.255,2.144
"SF__BE__.100_02650","FS12_20","FWSC","San_Fran","Urban","Y2020",6,"FFCZ5000",26.474,58.282,57.779,73.342,73.342,4.901,0.677,1.233,2.075,1.097,1.549,1.977,1.088,1.808,2.883
"SF__BE__.100_04050","FS12_20","FWSC","San_Fran","Urban","Y2020",6,"FFCZ5000",26.454,61.727,61.172,76.736,76.736,7.261,0.975,2.589,3.704,2.383,3.133,4.078,2.862,3.165,4.519
"SF__BE__.027_00200","BW3_20","BATW","San_Fran","Urban","Y2020",3,"FFCZ5000",23.789,61.68,60.869,70.411,70.411,4.764,1.145,1.885,4.266,1.224,1.959,3.065,1.329,2.72,3.911
"SF__BE__.027_01600","BW3_20","BATW","San_Fran","Urban","Y2020",3,"FFCZ4000",28.256,64.489,63.488,73.03,73.03,4.536,0.84,2.312,4.115,1.095,2.016,3.204,2.061,2.975,4.121
"SF__BE__.027_02850","BW3_20","BATW","San_Fran","Urban","Y2020",3,"FFCZ4000",28.256,63.842,62.841,72.383,72.383,4.21,0.88,1.819,3.957,0.969,2.181,3.639,1.123,2.244,4.043
"SF__BE__.027_03550","BW3_20","BATW","San_Fran","Urban","Y2020",3,"FFCZ4000",28.256,62.005,61.003,70.545,70.545,3.407,0.841,2.065,3.713,1.012,2.034,3.025,1.311,2.181,3.265
"SF__BE__.027_04300","BW3_20","BATW","San_Fran","Urban","Y2020",3,"FFCZ4000",28.256,66.11,65.109,74.651,74.651,5.467,1.114,2.457,3.864,1.29,2.187,3.266,1.359,2.137,3.541
"SF__BE__.026_00900","BW3_20","BATW","San_Fran","Urban","Y2020",3,"FFCZ4000",17.082,58.041,57.04,66.583,66.583,7.816,3.162,5.037,6.239,3.62,4.927,6.256,4.001,5.155,6.784
"SF__BE__.026_01600","BW3_20","BATW","San_Fran","Urban","Y2020",3,"FFCZ4000",17.082,59.167,58.167,67.709,67.709,8.898,3.243,5.339,6.214,3.541,4.507,6.016,3.882,5.307,6.307
"SF__BE__.026_02200","BW3_20","BATW","San_Fran","Urban","Y2020",3,"FFCZ4000",17.082,56.087,55.086,64.629,64.629,6.242,2.086,4.228,5.187,3.394,4.147,4.747,4.328,4.722,4.904
"SF__BE__.026_03000","BW3_20","BATW","San_Fran","Urban","Y2020",3,"FFCZ4000",17.082,59.781,58.781,68.323,68.323,9.55,2.823,4.427,6.595,3.055,4.235,5.732,3.802,5.121,6.212
"SF__BE__.026_04100","BW3_20","BATW","San_Fran","Urban","Y2020",3,"FFCZ4000",17.082,62.531,61.531,71.073,71.073,13.107,4.774,7.683,8.922,4.414,6.526,8.373,6.264,7.536,8.814
"SF__BE__.026_04900","BW3_20","BATW","San_Fran","Urban","Y2020",3,"FFCZ4000",17.082,61.405,60.405,69.947,69.947,11.514,2.979,6.215,8.259,3.651,5.56,7.412,5.087,6.845,7.866
"SF__BE__.030_01700","BW4A_20","BATW","San_Fran","Urban","Y2020",7,"FFCZ5000",18.28,48.817,48.313,65.215,65.215,4.939,1.809,3.415,4.672,1.985,3.247,3.833,2.567,3.523,4.438
"SF__BE__.030_07300","BW4A_20","BATW","San_Fran","Urban","Y2020",7,"FFCZ4000",17.595,48.869,47.865,64.767,64.767,5.978,1.493,3.055,4.177,1.757,2.854,3.597,2.675,3.485,3.929
"SF__BE__.032_04700","BW5_20","BATW","San_Fran","Urban","Y2020",7,"FFCZ5000",15.001,53.786,53.286,70.188,70.188,12.771,3.688,6.813,10.381,4.85,6.853,8.644,6.145,8.3,10.167
"SF__BE__.056_00000","BW8_20","BATW","San_Fran","Urban","Y2020",5,"FFCZ4000",22.804,71.318,70.318,84.298,84.298,31.093,5.893,12.933,32.689,11.111,19.53,26.43,12.846,22.7,30.269
"SF__BE__.056_00550","BW8_20","BATW","San_Fran","Urban","Y2020",5,"FFCZ4000",22.804,68.236,67.236,81.215,81.215,21.803,3.569,9.835,18.012,8.254,12.471,17.334,8.813,14.731,20.726
"SF__BE__.056_01200","BW8_20","BATW","San_Fran","Urban","Y2020",5,"FFCZ4000",29.824,71.887,70.886,84.866,84.866,14.793,2.359,8.158,16.098,5.704,9.16,13.336,5.594,11.058,13.788
"SF__BE__.022_00940","BW2_20","BATW","San_Fran","Urban","Y2020",14,"FFCZ4000",22.723,53.024,52.019,74.942,74.942,10.688,2.568,4.319,6.258,3.188,3.876,5.994,3.627,5.317,7.988
"SF__BE__.022_01450","BW2_20","BATW","San_Fran","Urban","Y2020",14,"FFCZ4000",22.723,52.57,51.564,74.486,74.486,10.142,3.247,5.802,9.33,3.609,5.523,7.003,5.679,6.733,9.468
"SF__BE__.022_04200","BW2_20","BATW","San_Fran","Urban","Y2020",14,"FFCZ4000",26.516,57.247,56.243,79.165,79.165,11.231,2.599,5.393,10.575,4.954,6.693,8.747,6.087,8.268,9.852
"SF__BE__.055_00220","BW8_20","BATW","San_Fran","Urban","Y2020",13,"FFCZ4000",25.586,58.989,57.987,80.265,80.265,14.188,2.762,5.151,11.292,4.231,9.241,10.998,4.528,10.339,11.796
"SF__LD__.008_00570","LD3_20","LODU","San_Fran","Urban","Y2020",13,"FFCZ5000",24.175,49.075,48.502,70.78,70.78,4.755,0.967,1.568,2.819,0.798,1.476,2.962,0.914,1.905,2.283
"SF__LD__.008_02070","LD3_20","LODU","San_Fran","Urban","Y2020",13,"FFCZ5000",24.175,53.609,53.103,75.382,75.382,8.077,1.259,1.924,4.879,1.273,2.099,4.772,1.578,3.005,5.872
"SF__LD__.008_03270","LD3_20","LODU","San_Fran","Urban","Y2020",13,"FFCZ5000",23.019,53.22,52.715,74.994,74.994,8.823,1.126,2.894,6.136,1.204,3.832,5.626,2.84,4.608,6.599
"SF__LD__.008_04590","LD3_20","LODU","San_Fran","Urban","Y2020",13,"FFCZ5000",23.019,52.461,51.956,74.234,74.234,8.084,1.102,2.149,6.285,1.017,2.959,5.358,1.382,4.382,5.902
"SF__LD__.008_05750","LD3_20","LODU","San_Fran","Urban","Y2020",13,"FFCZ5000",23.019,51.933,51.426,73.705,73.705,7.606,1.211,2.531,6.026,1.505,3.066,5.412,1.643,4.062,6.118
"SF__LD__.008_07100","LD3_20","LODU","San_Fran","Urban","Y2020",13,"FFCZ5000",24.175,57.577,57.074,79.353,79.353,12.758,0.973,2.337,8.509,1.141,2.756,6.923,1.25,4.169,7.566
"SF__LD__.008_08350","LD3_20","LODU","San_Fran","Urban","Y2020",13,"FFCZ5000",24.175,51.932,51.424,73.703,73.703,6.657,0.913,1.797,5.587,0.777,2.575,4.549,0.931,3.368,5.18
"SF__LD__.008_09650","LD3_20","LODU","San_Fran","Urban","Y2020",13,"FFCZ5000",24.175,50.406,49.894,72.173,72.173,5.582,0.857,1.549,3.589,0.793,1.608,3.178,0.938,2.177,3.947
"831_Data.127_21910","COMW_Ubfence_15","COMW","Commonweal","Rural","Y2015",7.5,"FFCZ4000",33.696,61.715,61.708,79.209,79.209,4.939,1.729,2.483,2.936,0.995,1.985,2.983,1.274,2.656,3.131
"831_Data.134_01620","COMW_UBA_15","COMW","Commonweal","Rural","Y2015",21,"FFCZ4000",33.199,56.128,56.106,82.55,82.55,7.683,2.475,3.549,4.326,1.753,2.691,4.162,2.203,3.131,4.759
"831_Data.134_03680","COMW_UBA_15","COMW","Commonweal","Rural","Y2015",21,"FFCZ4000",33.199,54.327,54.294,80.738,80.738,6.236,1.494,3.397,4.562,1.649,3.183,4.263,1.903,3.576,4.262
"831_Data.134_13810","COMW_UBA_15","COMW","Commonweal","Rural","Y2015",21,"FFCZ4000",32.868,55.769,55.746,82.191,82.191,7.658,2.425,3.388,4.327,1.601,3.052,3.715,2.07,3.075,3.938
"831_Data.136_02550","COMW_UBB_15","COMW","Commonweal","Rural","Y2015",19,"FFCZ4000",33.22,59.528,59.518,85.093,85.093,10.271,3.849,6.274,8.115,4.106,5.784,7.726,4.633,5.83,7.708
"831_Data.137_07770","COMW_UBB_15","COMW","Commonweal","Rural","Y2015",12.5,"FFCZ4000",32.869,65.805,65.803,87.741,87.741,14.506,4.151,5.423,7.906,4.018,5.894,8.033,4.018,5.894,8.033
"831_Data.138_17160","COMW_UBA_15","COMW","Commonweal","Rural","Y2015",6,"FFCZ4000",32.907,57.01,56.993,72.556,72.556,2.514,0.847,1.512,2.152,0.858,1.557,1.921,1.134,1.593,1.921
"831_Data.139_01070","COMW_UB1_15","COMW","Commonweal","Rural","Y2015",20,"FFCZ4000",32.964,54.706,54.677,80.698,80.698,6.378,2.087,2.988,5.573,2.127,3.689,5.205,2.435,3.723,5.205
"831_Data.139_05040","COMW_UB1_15","COMW","Commonweal","Rural","Y2015",20,"FFCZ4000",32.964,55.937,55.915,81.936,81.936,7.355,1.785,3.972,5.098,1.925,3.999,5.562,1.925,3.999,5.562
"831_Data.140_01540","COMW_UB2_15","COMW","Commonweal","Rural","Y2015",21,"FFCZ4000",33.735,62.537,62.532,88.976,88.976,15.136,2.532,5.191,7.16,3.62,6.144,7.392,4.641,6.176,8.067
"831_Data.140_02590","COMW_UB2_15","COMW","Commonweal","Rural","Y2015",21,"FFCZ4000",33.735,57.261,57.241,83.686,83.686,8.232,2.571,4.453,5.36,2.536,4.262,5.346,3.159,4.757,5.582
"831_Data.145_04950","AB_side_of_road_15","ABLA","Abbot","Rural","Y2015",14,"FFCZ4000",33.149,61.105,61.098,84.021,84.021,9.153,2.508,3.002,4.822,2.138,3.005,5.882,2.887,3.454,5.637
"831_Data.149_08170","AB_BR_KS","ABLA","Abbot","Rural","Y2015",10,"FFCZ5000",33.47,59.055,59.043,79.043,79.043,4.222,1.634,2.259,3.24,1.556,2.481,3.218,1.501,2.349,3.171
"831_Data.150_11930","AB_GOO_S","ABLA","Abbot","Rural","Y2015",13,"FFCZ4000",32.883,57.055,57.038,79.317,79.317,5.491,2.641,3.222,4.249,2.543,3.04,3.885,2.521,2.986,4.087
"831_Data.151_10650","AB_KK_BS","ABLA","Abbot","Rural","Y2015",11,"FFCZ3150",32.407,59.547,59.538,80.366,80.366,7.542,1.67,3.21,3.799,1.708,2.965,3.434,2.283,3.212,3.856
"831_Data.151_15480","AB_KK_BS","ABLA","Abbot","Rural","Y2015",11,"FFCZ3150",32.407,59.231,59.222,80.05,80.05,7.273,2.387,3.153,5.38,2.866,3.53,4.095,3.191,3.53,4.7
"831_Data.155_01380","AB_GOO_S","ABLA","Abbot","Rural","Y2015",11.5,"FFCZ5000",33.472,54.734,54.702,75.915,75.915,2.945,1.527,2.364,2.548,1.67,2.154,2.558,1.691,2.077,2.558
"831_Data.161_01990","AB_GGW_S","ABLA","Abbot","Rural","Y2015",14,"FFCZ4000",33.462,51.935,51.873,74.795,74.795,3.052,1.585,2.451,2.897,1.539,2.217,2.651,1.976,2.397,2.683
"831_Data.161_03080","AB_GGW_S","ABLA","Abbot","Rural","Y2015",14,"FFCZ4000",33.462,54.701,54.668,77.59,77.59,4.211,2.197,2.548,3.514,2.245,2.764,3.461,2.245,2.976,3.461
"831_Data.161_13240","AB_GGW_S","ABLA","Abbot","Rural","Y2015",10,"FFCZ4000",33.138,61.297,61.29,81.29,81.29,6.692,1.919,2.602,3.894,1.917,2.597,3.6,1.986,3.078,3.903
"831_Data.164_28710","AB_RYR_S","ABLA","Abbot","Rural","Y2015",12,"FFCZ4000",33.249,56.468,56.447,78.031,78.031,4.54,1.79,3.098,4.061,1.473,2.193,4.18,1.779,2.925,4.18
"831_Data.166_02260","AB_GOO_S","ABLA","Abbot","Rural","Y2015",16,"FFCZ4000",33.594,57.637,57.62,81.702,81.702,6.658,2.742,3.585,5.184,2.759,3.192,4.448,2.82,3.296,5.029
"831_Data.166_05070","AB_GOO_S","ABLA","Abbot","Rural","Y2015",16,"FFCZ4000",33.594,59.049,59.037,83.119,83.119,7.838,3.428,4.211,5.184,3.038,4,5.216,3.688,4.848,5.216
"831_Data.170_08740","AB_GOO_S","ABLA","Abbot","Rural","Y2015",16.5,"FFCZ4000",33.753,54.464,54.427,78.777,78.777,4.668,2.014,2.924,3.648,1.744,2.514,3.368,2.018,2.752,3.539
"831_Data.170_16460","AB_GOO_S","ABLA","Abbot","Rural","Y2015",16.5,"FFCZ4000",33.215,52.194,52.138,76.488,76.488,3.816,2.029,2.663,3.23,1.877,2.517,2.736,2.001,2.628,3.271
"831_Data.170_17700","AB_GOO_S","ABLA","Abbot","Rural","Y2015",16.5,"FFCZ5000",34.419,55.035,54.997,79.347,79.347,3.92,1.983,2.706,3.874,1.74,2.836,3.599,1.87,3.12,3.685
"831_Data.170_20620","AB_GOO_S","ABLA","Abbot","Rural","Y2015",16.5,"FFCZ5000",34.419,53.255,53.198,77.547,77.547,3.186,2.041,2.871,3.68,1.65,2.794,3.163,2.243,2.841,3.163
"831_Data.185_00760","BABE_UBD_15","BABE","San_Fran","Urban","Y2015",11.5,"FFCZ4000",33.535,57.405,57.387,78.601,78.601,4.691,1.922,3.325,4.115,1.702,3.03,3.72,2.396,3.079,3.72
"831_Data.200_39430","LAEN_UBE_15","LAEN","Merced","Urban","Y2015",12.5,"FFCZ4000",39.659,62.167,62.143,84.081,84.081,4.356,2.183,3.083,3.504,2.02,3.129,3.384,2.211,3.239,3.498
"831_Data.202_03340","LAEN_UBF_15","LAEN","Merced","Urban","Y2015",7,"FFCZ4000",34.428,54.319,54.274,71.176,71.176,1.8,0.606,1.152,1.457,0.756,1.172,1.469,0.777,1.132,1.531
"831_Data.205_45460","LAEN_UBG_15","LAEN","Merced","Urban","Y2015",14.5,"FFCZ5000",34.676,58.621,58.604,81.831,81.831,5.066,1.585,3.638,4.994,1.18,3.691,4.7,1.303,3.762,4.682
"831_Data.208_25880","LAEN_UBH_15","LAEN","Merced","Urban","Y2015",4,"FFCZ5000",33.845,65.697,65.694,77.735,77.735,3.478,1.864,2.42,3.244,1.829,2.508,3.059,1.772,2.483,3.201
"831_Data.214_86610","LAEN_UBI_15","LAEN","Merced","Urban","Y2015",8,"FFCZ4000",33.74,61.468,61.46,79.522,79.522,5.094,2.31,3.285,4.06,2.348,3.456,3.914,2.534,3.475,3.983
"PR__ABLA.031_00450","AB14_20","ABLA","Abbot","Rural","Y2020",13,"FFCZ4000",15.861,63.282,62.282,84.561,84.561,71.279,23.731,45.614,70.884,29.734,40.152,58.526,32.398,49.356,63.798
"PR__ABLA.031_01900","AB14_20","ABLA","Abbot","Rural","Y2020",13,"FFCZ4000",15.861,62.81,61.81,84.089,84.089,67.509,20.74,39.772,64.285,26.071,41.439,54.37,29.156,49.548,64.31
"PR__ABLA.031_03450","AB14_20","ABLA","Abbot","Rural","Y2020",13,"FFCZ5000",12.968,61.89,61.39,83.669,83.669,76.196,19.866,35.049,55.464,22.917,31.515,43.066,28.172,40.284,51.526
"PR__ABLA.031_05000","AB14_20","ABLA","Abbot","Rural","Y2020",13,"FFCZ4000",15.861,62.234,61.234,83.513,83.513,63.177,17.566,36.075,56.862,18.244,33.307,44.718,27.088,44.575,58.393
"PR__ABLA.031_06400","AB14_20","ABLA","Abbot","Rural","Y2020",13,"FFCZ4000",15.861,61.508,60.508,82.787,82.787,58.111,16.708,32.478,51.603,20.365,30.469,41.237,20.348,36.081,46.761
"PR__ABLA.031_07750","AB14_20","ABLA","Abbot","Rural","Y2020",13,"FFCZ5000",12.968,60.443,59.943,82.222,82.222,64.503,17.505,30.882,57.077,22.149,31.918,42.788,30.657,40.219,51.657
"PR__ABLA.031_09150","AB14_20","ABLA","Abbot","Rural","Y2020",13,"FFCZ5000",12.968,59.029,58.066,80.345,80.345,51.967,15.879,29.488,44.381,19.162,29.671,37.346,20.774,36.74,43.435
"PR__ABLA.031_10050","AB14_20","ABLA","Abbot","Rural","Y2020",13,"FFCZ4000",15.861,60.833,59.832,82.111,82.111,53.76,17.17,30.155,51.361,20.692,30.782,39.57,23.966,37.875,45.172
"PR__ABLA.031_13900","AB14_20","ABLA","Abbot","Rural","Y2020",13,"FFCZ5000",18.265,61.867,61.367,83.646,83.646,41.298,11.648,26.246,41.473,15.522,26.405,33.839,20.599,30.559,34.424
"PR__ABLA.045_00150","AB20_20","ABLA","Abbot","Rural","Y2020",6,"FFCZ5000",20.153,58.549,58.048,73.611,73.611,10.466,3.263,6.443,11.39,3.217,6.308,8.401,3.198,6.311,8.77
"PR__ABLA.045_01250","AB20_20","ABLA","Abbot","Rural","Y2020",6,"FFCZ4000",16.667,60.384,59.383,74.947,74.947,21.476,4.046,9.166,15.774,4.935,8.129,12.296,4.928,9.965,11.944
"PR__ABLA.045_02000","AB20_20","ABLA","Abbot","Rural","Y2020",6,"FFCZ4000",21.399,62.408,61.408,76.971,76.971,15.724,3.305,6.542,10.7,3.637,5.358,7.208,3.763,6.505,8.012
"PR__ABLA.045_03900","AB20_20","ABLA","Abbot","Rural","Y2020",6,"FFCZ4000",21.399,57.693,56.691,72.254,72.254,9.135,1.597,3.065,5.454,1.871,2.55,3.985,1.701,2.663,4.996
"PR__ABLA.045_04950","AB20_20","ABLA","Abbot","Rural","Y2020",6,"FFCZ4000",16.269,62.963,61.963,77.526,77.526,30.256,4.985,11.57,17.459,4.549,9.202,12.106,9.339,11.805,16.137
"PR__ABLA.045_05900","AB20_20","ABLA","Abbot","Rural","Y2020",6,"FFCZ4000",16.667,62.657,61.657,77.22,77.22,27.9,4.102,8.354,16.153,4.341,7.732,12.974,5.591,8.549,14.743
"PR__ABLA.045_06900","AB20_20","ABLA","Abbot","Rural","Y2020",6,"FFCZ4000",16.667,63.54,62.54,78.103,78.103,30.886,4.731,8.355,17.726,4.455,7.558,12.597,6.335,9.577,15.853
"PR__ABLA.045_07800","AB20_20","ABLA","Abbot","Rural","Y2020",6,"FFCZ4000",21.399,60.094,59.093,74.656,74.656,12.045,3.312,6.816,9.533,3.933,5.669,7.837,5.472,8.007,9.204
"PR__ABLA.045_08990","AB20_20","ABLA","Abbot","Rural","Y2020",6,"FFCZ4000",20.955,59.311,58.31,73.873,73.873,11.584,3.673,5.582,9.779,4.523,6.143,7.22,5.391,7.735,8.57
"PR__ABLA.045_10350","AB20_20","ABLA","Abbot","Rural","Y2020",6,"FFCZ4000",21.399,65.557,64.557,80.12,80.12,22.595,4.6,8.195,14.504,4.135,7.725,9.784,5.317,9.684,11.567
"PR__COMW.006_00590","COMW5_20","COMW","Commonweal","Rural","Y2020",20,"FFCZ4000",19.339,53.251,52.249,78.269,78.269,23.145,2.568,6.914,12.66,2.751,5.78,10.72,4.245,7.611,13.284
"PR__COMW.006_02450","COMW5_20","COMW","Commonweal","Rural","Y2020",20,"FFCZ4000",20.969,49.28,48.272,74.293,74.293,12.138,1.412,4.612,8.477,1.254,4.018,6.66,3.476,5.629,8.039
"SF__BE__.021_01000","BW2_20","BATW","San_Fran","Urban","Y2020",12,"FFCZ4000",33.145,46.723,45.476,67.06,67.06,1.299,0.531,0.803,1.193,0.507,0.661,0.997,0.662,0.978,1.165
"SF__BE__.039_01900","FS1_20","FWSC","San_Fran","Urban","Y2020",14,"FFCZ5000",24.902,56.959,56.456,79.378,79.378,11.767,1.692,4.66,7.955,1.757,4.889,7.08,1.986,5.746,8.385
"SF__BE__.039_03050","FS1_20","FWSC","San_Fran","Urban","Y2020",14,"FFCZ4000",26.37,55.363,54.356,77.279,77.279,9.192,1.523,3.777,6.321,1.959,3.588,5.746,3.083,4.659,6.954
"SF__BE__.044_00400","FS2_20","FWSC","San_Fran","Urban","Y2020",14,"FFCZ4000",35.395,65.882,64.877,87.8,87.8,10.92,2.202,3.524,9.187,2.491,5.225,8.824,2.947,5.786,10.92
"SF__BE__.044_02450","FS2_20","FWSC","San_Fran","Urban","Y2020",14,"FFCZ4000",35.395,63.797,62.79,85.712,85.712,8.586,1.413,2.212,4.943,1.303,3.318,6.222,2.04,5.205,7.504
"SF__BE__.051_00450","FS4_20","FWSC","San_Fran","Urban","Y2020",7,"FFCZ4000",32.452,64.511,63.508,80.41,80.41,6.544,1.875,3.027,5.145,3.264,3.943,5.265,3.354,4.505,5.564
"SF__BE__.051_02150","FS4_20","FWSC","San_Fran","Urban","Y2020",7,"FFCZ4000",32.452,64.211,63.207,80.109,80.109,6.321,1.538,2.391,3.211,2.095,2.477,4.791,2.253,2.633,5.152
"SF__LD__.012_00700","LD5_20","LODU","San_Fran","Urban","Y2020",17,"FFCZ4000",13.565,44.819,43.815,68.424,68.424,14.485,3.608,8.618,11.576,4.623,7.055,10.156,7.559,9.312,11.927
"PR__LIMA.006_01540","LIMA5_20","LIMA","Limantor","Rural","Y2020",11,"FFCZ5000",24.652,55.032,54.528,75.355,75.355,7.621,2.09,3.712,7.614,2.114,4.135,6.045,2.242,4.427,6.485
"PR__LIMA.006_02219","LIMA5_20","LIMA","Limantor","Rural","Y2020",11,"FFCZ5000",31.749,53.991,53.462,74.29,74.29,2.978,1.079,1.994,3.533,1.388,2.118,2.685,1.677,2.369,2.83
"PR__LIMA.009_00305","LIMA7_20","LIMA","Limantor","Rural","Y2020",11,"FFCZ4000",17.146,61.862,60.862,81.689,81.689,44.168,5.66,11.958,23.358,5.038,12.64,17.191,7.114,13.078,17.909
"PR__LIMA.009_01367","LIMA7_20","LIMA","Limantor","Rural","Y2020",11,"FFCZ4000",17.428,61.498,60.498,81.326,81.326,41.007,5.892,8.995,18.241,6.05,8.946,16.189,6.929,8.524,19.967
"PR__LIMA.009_02439","LIMA7_20","LIMA","Limantor","Rural","Y2020",11,"FFCZ5000",18.292,60.698,60.198,81.026,81.026,30.449,5.599,10.448,22.867,3.718,10.105,18.992,5.601,8.965,22.353
"PR__LIMA.009_03633","LIMA7_20","LIMA","Limantor","Rural","Y2020",11,"FFCZ5000",17.315,60.788,60.288,81.115,81.115,34.425,7.614,12.98,25.723,5.837,13.955,21.767,9.208,18.248,23.281
"SF__BE__.087_01581","FS5_20","FWSC","San_Fran","Urban","Y2020",7,"FFCZ5000",27.216,68.602,68.102,85.004,85.004,17.23,1.827,4.027,9.177,3.695,5.356,7.554,4.784,5.461,9.219
"SF__BE__.091_01351","FS7_20","FWSC","San_Fran","Urban","Y2020",5,"FFCZ5000",24.761,65.727,65.227,79.206,79.206,11.725,1.392,3.276,7.313,2.108,4.207,5.524,2.515,4.832,6.011
"SF__BE__.092_01071","FS7_20","FWSC","San_Fran","Urban","Y2020",5,"FFCZ4000",27.874,60.681,59.678,73.658,73.658,5.095,0.735,2.049,4.157,1.642,3.819,4.509,1.899,4.122,4.858
"SF__BE__.018_07790","BW1_20","BATW","San_Fran","Urban","Y2020",5,"FFCZ3150",32.452,67.505,66.303,80.282,80.282,7.431,1.56,2.401,3.936,1.002,1.989,3.573,1.256,2.392,3.615
"SF__BE__.018_13101","BW1_20","BATW","San_Fran","Urban","Y2020",5,"FFCZ3150",30.578,64.544,63.341,77.321,77.321,6.557,1.738,2.815,4.78,1.877,2.43,3.295,3.162,3.294,3.883
"SF__BE__.019_01423","BW1_20","BATW","San_Fran","Urban","Y2020",5,"FFCZ4000",24.98,48.899,47.877,61.856,61.856,1.827,0.388,0.758,1.354,0.646,0.858,1.163,0.71,1.143,1.377
"SF__BE__.019_00305","BW1_20","BATW","San_Fran","Urban","Y2020",5,"FFCZ4000",25.025,48.752,47.728,61.708,61.708,1.787,0.383,0.711,1.285,0.471,0.841,1.174,0.807,1.036,1.433
"SF__BE__.025_01642","BW3_20","BATW","San_Fran","Urban","Y2020",2,"FFCZ4000",19.026,54.252,53.251,59.271,59.271,2.693,0.728,1.303,2.131,0.8,1.329,1.741,0.878,1.506,1.813
"SF__BE__.025_01137","BW3_20","BATW","San_Fran","Urban","Y2020",2,"FFCZ4000",19.233,54.192,53.191,59.211,59.211,2.611,0.79,1.525,1.865,0.9,1.387,1.738,0.91,1.494,1.774
"SF__BE__.025_00667","BW3_20","BATW","San_Fran","Urban","Y2020",2,"FFCZ4000",19.142,48.002,46.995,53.015,53.015,1.293,0.155,0.504,0.748,0.343,0.569,0.804,0.269,0.585,0.808
"SF__BE__.025_00152","BW3_20","BATW","San_Fran","Urban","Y2020",2,"FFCZ4000",17.811,48.335,47.33,53.351,53.351,1.567,0.362,0.595,1.038,0.583,0.773,1.23,0.466,0.676,1.224
"SF__BE__.035_02194","BW6_20","BATW","San_Fran","Urban","Y2020",5,"FFCZ4000",26.676,56.877,55.872,69.851,69.851,3.773,0.922,1.789,2.833,1.381,1.778,2.732,1.222,1.797,3.017
"SF__BE__.006_04598","BE2_20","BATE","San_Fran","Urban","Y2020",5,"FFCZ5000",31.24,53.417,52.888,66.867,66.867,1.343,0.24,0.648,1.16,0.369,0.722,1.055,0.515,0.904,1.119
"SF__BE__.006_05956","BE2_20","BATE","San_Fran","Urban","Y2020",5,"FFCZ5000",30.715,54.134,53.611,67.591,67.591,1.551,0.211,0.48,1.077,0.244,0.498,1.042,0.438,0.655,1.125
"SF__BE__.006_05262","BE2_20","BATE","San_Fran","Urban","Y2020",5,"FFCZ5000",31.642,52.264,51.721,65.701,65.701,1.122,0.159,0.454,0.772,0.16,0.454,0.736,0.467,0.645,0.752
"SF__BE__.006_04036","BE2_20","BATE","San_Fran","Urban","Y2020",5,"FFCZ5000",31.157,57.594,57.083,71.063,71.063,2.199,0.325,0.683,1.4,0.336,0.656,1.507,0.603,0.841,1.531
"SF__BE__.006_03010","BE2_20","BATE","San_Fran","Urban","Y2020",5,"FFCZ5000",29.021,52.206,51.683,65.662,65.662,1.51,0.242,0.602,1.155,0.23,0.395,0.915,0.589,0.93,1.199
"SF__BE__.006_02183","BE2_20","BATE","San_Fran","Urban","Y2020",5,"FFCZ5000",29.021,54.023,53.508,67.487,67.487,1.863,0.286,0.395,0.929,0.296,0.331,0.857,0.327,0.431,1.115
"SF__BE__.006_09470","BE2_20","BATE","San_Fran","Urban","Y2020",5,"FFCZ5000",32.746,60.18,59.671,73.651,73.651,2.467,0.278,0.702,1.415,0.296,0.755,1.381,0.708,0.992,1.667
"SF__BE__.006_08827","BE2_20","BATE","San_Fran","Urban","Y2020",5,"FFCZ5000",29.021,58.551,58.046,72.025,72.025,3.141,0.368,0.945,1.847,0.324,0.739,1.615,0.841,1.369,1.975
"SF__BE__.006_08056","BE2_20","BATE","San_Fran","Urban","Y2020",5,"FFCZ5000",34.333,57.555,57.032,71.012,71.012,1.516,0.173,0.367,0.593,0.241,0.437,0.959,0.411,0.447,0.98
"SF__BE__.007_00820","BE2_20","BATE","San_Fran","Urban","Y2020",5,"FFCZ5000",27.051,65.852,65.351,79.331,79.331,9.139,1.309,3.026,6.589,1.249,2.617,5.146,1.864,3.414,5.608
"SF__BE__.009_01106","BE2_20","BATE","San_Fran","Urban","Y2020",5,"FFCZ5000",39.292,64.053,63.537,77.516,77.516,1.812,0.234,0.63,1.122,0.278,0.592,1.044,0.479,0.698,1.132
"SF__BE__.009_00136","BE2_20","BATE","San_Fran","Urban","Y2020",5,"FFCZ5000",33.246,63.961,63.456,77.436,77.436,3.601,0.496,0.816,1.832,0.474,0.616,1.452,0.728,1.28,2.22
"SF__BE__.012_04526","BE_YS_GY","BATE","San_Fran","Urban","Y2020",5,"FFCZ5000",18.813,54.763,54.262,68.242,68.242,6.582,1.411,3.835,6.403,1.476,2.839,5.369,2.596,4.978,5.759
"SF__BE__.012_03215","BE_YS_GY","BATE","San_Fran","Urban","Y2020",5,"FFCZ5000",19.487,50.8,50.296,64.276,64.276,3.858,1.409,2.327,2.946,0.998,2.001,2.539,1.663,2.506,2.733
"SF__BE__.015_00759","BE_BRIDGE_20","BATE","San_Fran","Urban","Y2020",8,"FFCZ5000",36.217,57.742,57.208,75.27,75.27,1.993,0.266,0.528,1.485,0.348,0.596,1.35,0.475,0.772,1.395
"SF__BE__.015_04338","BE_BRIDGE_20","BATE","San_Fran","Urban","Y2020",8,"FFCZ5000",34.44,55.583,55.045,73.107,73.107,1.906,0.173,0.371,0.9,0.176,0.588,0.846,0.331,0.733,1.249
"SF__BE__.015_01795","BE_BRIDGE_20","BATE","San_Fran","Urban","Y2020",8,"FFCZ5000",35.803,52.884,52.287,70.349,70.349,1.186,0.185,0.447,0.812,0.187,0.617,0.746,0.606,0.745,0.919
"SF__BE__.015_00769","BE_BRIDGE_20","BATE","San_Fran","Urban","Y2020",8,"FFCZ5000",37.061,57.742,57.201,75.262,75.262,1.807,0.287,0.562,1.496,0.376,0.636,1.223,0.487,0.821,1.351
"SF__BE__.059_03521","BE4_20","BATE","San_Fran","Urban","Y2020",9,"FFCZ4000",41.431,67.74,66.727,85.812,85.812,4.335,0.666,1.335,3.17,1.247,1.987,3.331,1.297,2.313,3.494
"SF__BE__.059_02382","BE4_20","BATE","San_Fran","Urban","Y2020",9,"FFCZ4000",41.336,68.028,67.016,86.101,86.101,4.531,0.745,2.085,5.556,1.448,2.654,3.776,1.448,2.625,3.811
"SF__BE__.059_01356","BE4_20","BATE","San_Fran","Urban","Y2020",9,"FFCZ4000",42.389,69.295,68.284,87.369,87.369,4.645,0.643,1.896,3.849,1.289,2.483,3.487,1.473,3.198,4.017
"SF__BE__.059_00182","BE4_20","BATE","San_Fran","Urban","Y2020",9,"FFCZ4000",40.137,67.177,66.166,85.251,85.251,4.717,0.727,1.873,3.847,1.547,2.57,3.866,1.609,2.842,4.401
"SF__BE__.061_04659","BE1_20","BATE","San_Fran","Urban","Y2020",5,"FFCZ4000",29.371,72.139,71.139,85.118,85.118,16.044,4.577,9.866,14.765,5.779,9.032,11.242,8.299,10.27,13.314
"SF__BE__.061_03592","BE1_20","BATE","San_Fran","Urban","Y2020",5,"FFCZ4000",27.55,72.189,71.189,85.168,85.168,19.9,3.874,9.208,16.142,6.998,11.016,13.661,8.674,13.355,14.869
"SF__BE__.061_02648","BE1_20","BATE","San_Fran","Urban","Y2020",5,"FFCZ4000",27.294,69.179,68.179,82.158,82.158,14.493,2.147,6.658,10.784,5.27,7.944,10.901,6.925,8.967,12.667
"SF__BE__.061_01632","BE1_20","BATE","San_Fran","Urban","Y2020",5,"FFCZ4000",26.289,72.631,71.631,85.61,85.61,24.211,4.616,10.704,20.166,7.253,11.636,14.584,9.729,14.769,17.054
"SF__BE__.061_00790","BE1_20","BATE","San_Fran","Urban","Y2020",5,"FFCZ4000",26.996,69.987,68.987,82.967,82.967,16.463,2.32,6.647,13.026,5.574,9.12,11.883,7.872,11.583,13.436
"SF__BE__.065_02097","BE5_20","BATE","San_Fran","Urban","Y2020",5,"FFCZ4000",28.823,70.401,69.4,83.38,83.38,13.99,1.477,4.364,13.484,1.714,5.622,9.318,3.178,7.83,10.487
"SF__BE__.065_01086","BE5_20","BATE","San_Fran","Urban","Y2020",5,"FFCZ4000",32.656,68.842,67.841,81.82,81.82,7.519,1.323,3.345,6.563,1.784,4.127,5.877,2.531,4.685,6.439
"SF__BE__.065_03756","BE5_20","BATE","San_Fran","Urban","Y2020",5,"FFCZ4000",30.986,70.875,69.875,83.854,83.854,11.518,1.779,4.136,10.113,2.378,5.166,8.15,3.425,6.969,9.031
"SF__BE__.065_06024","BE5_20","BATE","San_Fran","Urban","Y2020",5,"FFCZ4000",30.557,72.293,71.292,85.272,85.272,14.247,2.438,5.398,13.251,2.917,6.857,11.106,4.317,9.318,12.291
"SF__BE__.068_01550","BE6_20","BATE","San_Fran","Urban","Y2020",5,"FFCZ4000",28.333,69.31,68.31,82.289,82.289,13.055,1.954,7.952,18.299,5.27,8.258,12.982,6.299,10.728,14.347
"SF__BE__.068_02531","BE6_20","BATE","San_Fran","Urban","Y2020",5,"FFCZ5000",20.534,69.403,68.903,82.883,82.883,29.129,2.402,6.457,20.628,2.737,5.811,10.573,5.037,8.287,12.122
"SF__BE__.068_00233","BE6_20","BATE","San_Fran","Urban","Y2020",5,"FFCZ5000",20.551,64.531,64.031,78.01,78.01,16.589,1.425,3.702,8.128,2.5,3.963,6.155,3.2,4.405,6.34
"SF__BE__.070_02770","BE7_20","BATE","San_Fran","Urban","Y2020",7,"FFCZ4000",38.342,71.434,70.431,87.333,87.333,7.371,1.531,5.029,7.376,3.09,5.48,6.549,3.389,5.687,6.266
"SF__BE__.070_03955","BE7_20","BATE","San_Fran","Urban","Y2020",7,"FFCZ4000",41.192,69.214,68.205,85.107,85.107,4.109,0.86,2.604,4.019,1.666,2.872,3.781,1.895,2.952,3.753
"SF__BE__.070_05119","BE7_20","BATE","San_Fran","Urban","Y2020",7,"FFCZ4000",38.327,69.564,68.56,85.462,85.462,5.953,2.052,3.89,5.113,2.435,3.982,4.504,3.202,4.031,4.517
"SF__BE__.070_00647","BE7_20","BATE","San_Fran","Urban","Y2020",7,"FFCZ4000",37.733,67.989,66.984,83.886,83.886,5.316,1.044,2.309,2.984,1.429,2.712,3.079,1.234,2.197,3.124
"SF__BE__.072_01571","BE7_20","BATE","San_Fran","Urban","Y2020",4,"FFCZ4000",40.3,75.019,74.017,86.058,86.058,5.08,1.263,2.486,3.823,2.032,2.882,3.342,1.851,2.906,3.508
"SF__BE__.072_00295","BE7_20","BATE","San_Fran","Urban","Y2020",4,"FFCZ4000",39.37,74.614,73.613,85.654,85.654,5.397,1.436,3.144,3.893,2.37,3.324,3.635,2.46,3.017,3.708
"SF__BE__.073_03174","BE7_20","BATE","San_Fran","Urban","Y2020",2,"FFCZ4000",41.691,76.999,75.997,82.018,82.018,2.718,0.774,1.962,3.218,1.41,1.968,2.476,1.488,2,2.489
"SF__BE__.073_01760","BE7_20","BATE","San_Fran","Urban","Y2020",2,"FFCZ4000",39.999,81.026,80.025,86.046,86.046,5.252,1.035,2.702,4.42,1.784,2.654,3.794,1.85,2.512,3.071
"SF__BE__.073_00565","BE7_20","BATE","San_Fran","Urban","Y2020",2,"FFCZ4000",39.322,79.826,78.826,84.846,84.846,4.945,1.524,2.822,3.266,1.878,2.864,3.359,1.919,2.811,3.311
"SF__BE__.074_00504","BE7_20","BATE","San_Fran","Urban","Y2020",5,"FFCZ4000",38.587,77.999,76.999,90.978,90.978,10.902,2.647,5.255,8.684,4.415,5.643,6.867,4.609,5.682,6.724
"SF__BE__.080_00029","BE9_20","BATE","San_Fran","Urban","Y2020",5,"FFCZ5000",26.23,68.837,68.337,82.316,82.316,14.164,1.759,3.648,7.216,2.724,4.76,6.249,3.675,5.573,7.57
"SF__BE__.080_01081","BE9_20","BATE","San_Fran","Urban","Y2020",5,"FFCZ4000",33.89,71.803,70.802,84.782,84.782,9.174,1.542,3.925,9.737,1.797,5.442,7.222,2.611,6.852,8.154
"SF__BE__.080_02286","BE9_20","BATE","San_Fran","Urban","Y2020",5,"FFCZ5000",29.317,77.666,77.166,91.145,91.145,27.433,3.275,5.684,12.122,3.921,6.406,9.802,4.419,7.246,13.256
"SF__BE__.080_03409","BE9_20","BATE","San_Fran","Urban","Y2020",5,"FFCZ5000",34.377,77.437,76.937,90.917,90.917,14.924,2.608,4.24,10.089,3.184,5.672,7.788,4.361,5.964,8.114
"SF__BE__.080_04623","BE9_20","BATE","San_Fran","Urban","Y2020",5,"FFCZ5000",32.143,76.411,75.911,89.891,89.891,17.151,2.077,4.468,11.506,3.533,5.438,7.135,4.836,6.174,7.949
"SF__BE__.083_00126","BE10_20","BATE","San_Fran","Urban","Y2020",7,"FFCZ4000",27.536,67.304,66.304,83.205,83.205,15.901,2.426,3.851,10.077,3.056,3.84,7.019,3.524,5.275,10.443
"SF__BE__.083_01510","BE10_20","BATE","San_Fran","Urban","Y2020",7,"FFCZ4000",36.898,64.329,63.319,80.221,80.221,3.838,0.763,1.248,2.99,0.926,1.59,2.63,1.346,1.921,3.084
"SF__LM__.005_00596","BE1_20","BATE","San_Fran","Urban","Y2020",9,"FFCZ5000",18.478,57.625,57.124,76.209,76.209,17.117,3.056,6.758,14.267,4.994,9.168,11.817,6.038,11.369,13.072
"SF__LM__.007_12637","BE1_20","BATE","San_Fran","Urban","Y2020",9,"FFCZ5000",19.83,51.524,51.021,70.106,70.106,7.256,1.727,3.838,6.487,2.193,4.248,5.586,3.533,5.269,6.094
"SF__LD__.005_01775","LD2_20","LODU","San_Fran","Urban","Y2020",6,"FFCZ5000",26.399,63.032,62.531,78.094,78.094,8.543,0.808,2.091,5.341,0.958,2.577,5.244,0.736,3.991,6.033
"SF__LD__.005_01014","LD2_20","LODU","San_Fran","Urban","Y2020",6,"FFCZ5000",26.347,62.461,61.96,77.523,77.523,8.048,0.687,1.89,5.932,1.03,2.191,5.268,0.83,2.191,6.421
"SF__LD__.005_00279","LD2_20","LODU","San_Fran","Urban","Y2020",6,"FFCZ5000",26.583,61.229,60.727,76.29,76.29,6.796,0.858,1.845,4.763,1.092,1.887,4.558,0.843,1.986,5.211
"SF__LD__.010_01137","LD4_20","LODU","San_Fran","Urban","Y2020",6,"FFCZ5000",20.735,58.558,58.057,73.62,73.62,9.798,2.391,5.185,8.429,2.56,5.637,7.139,4.543,6.264,7.718
"SF__LD__.016_01780","LD6_20","LODU","San_Fran","Urban","Y2020",2,"FFCZ5000",20.069,57.501,57,63.021,63.021,3.122,0.901,1.81,2.638,1.13,1.666,2.238,1.243,1.775,2.425
"SF__LD__.016_02326","LD6_20","LODU","San_Fran","Urban","Y2020",2,"FFCZ5000",18.953,59.355,58.854,64.875,64.875,4.395,1.223,2.539,3.517,1.525,2.138,2.963,1.753,2.41,3.149
"SF__LD__.016_00601","LD6_20","LODU","San_Fran","Urban","Y2020",2,"FFCZ5000",19.746,57.138,56.564,62.585,62.585,3.082,0.802,1.304,2.383,0.665,1.141,2.005,0.962,1.534,2.299
"SF__LD__.016_00101","LD6_20","LODU","San_Fran","Urban","Y2020",2,"FFCZ5000",27.411,56.363,55.857,61.877,61.877,1.175,0.453,0.844,1.126,0.504,0.757,0.91,0.729,0.924,1.139
"SF__LD__.017_00698","LD6_20","LODU","San_Fran","Urban","Y2020",2,"FFCZ5000",20.852,61.144,60.644,66.664,66.664,4.34,1.005,3.523,4.296,0.792,2.608,3.647,2.411,3.409,3.853
"SF__LD__.018_03664","LD6_20","LODU","San_Fran","Urban","Y2020",2,"FFCZ5000",19.687,63.309,62.809,68.829,68.829,6.368,2.122,3.811,6.302,2.69,3.272,4.764,2.584,3.384,5.119
"SF__LD__.018_04389","LD6_20","LODU","San_Fran","Urban","Y2020",2,"FFCZ5000",16.461,61.691,61.19,67.211,67.211,7.663,3.044,6.218,7.79,3.537,5.026,6.552,4.509,5.471,7.016
"SF__LD__.018_05042","LD6_20","LODU","San_Fran","Urban","Y2020",2,"FFCZ5000",17.189,62.045,61.545,67.566,67.566,7.341,1.509,3.19,6.27,1.521,3.028,4.826,2.082,4.024,5.797
"SF__LD__.018_05864","LD6_20","LODU","San_Fran","Urban","Y2020",2,"FFCZ4000",21.445,67.464,66.464,72.484,72.484,9.331,4.7,9.039,10.933,5.145,6.661,8.542,5.199,7.898,9.989
"SF__LD__.018_01826","LD6_20","LODU","San_Fran","Urban","Y2020",2,"FFCZ5000",25.854,62.97,62.469,68.489,68.489,3.01,1.22,2.431,3.097,1.272,1.691,2.412,1.514,2.341,2.609
"SF__LD__.018_00412","LD6_20","LODU","San_Fran","Urban","Y2020",2,"FFCZ5000",20.387,59.776,59.276,65.296,65.296,3.911,0.778,2.104,3.429,0.824,1.879,2.961,1.214,2.066,3.257
"SF__LD__.018_08010","LD6_20","LODU","San_Fran","Urban","Y2020",2,"FFCZ5000",19.234,65.989,65.489,71.51,71.51,9.134,3.548,6.271,8.379,2.652,4.836,7.281,4.349,6.004,7.561
"SF__LD__.018_07280","LD6_20","LODU","San_Fran","Urban","Y2020",2,"FFCZ5000",18.087,68.648,68.148,74.168,74.168,14.156,2.906,5.832,12.55,2.828,5.902,9.138,3.549,6.465,11.215
"SF__LD__.018_06555","LD6_20","LODU","San_Fran","Urban","Y2020",2,"FFCZ5000",13.938,67.843,67.343,73.364,73.364,20.806,5.171,8.808,14.987,3.72,7.119,11.655,5.933,9.052,15.101
"SF__LD__.020_00968","LD7_20","LODU","San_Fran","Urban","Y2020",4,"FFCZ4000",18.604,56.76,55.759,67.8,67.8,7.547,1.742,3.87,5.622,2.202,3.633,4.952,3.417,4.999,6.287
"SF__LD__.020_00172","LD7_20","LODU","San_Fran","Urban","Y2020",4,"FFCZ4000",18.479,57.35,56.349,68.39,68.39,8.194,1.997,4.226,6.054,2.399,4.752,5.426,4.712,5.363,5.964
"SF__LD__.021_00320","LD7_20","LODU","San_Fran","Urban","Y2020",4,"FFCZ5000",18.515,62.318,61.818,73.859,73.859,13.004,4.773,7.729,11.198,3.761,6.267,9.47,6.604,9.096,10.439
"SF__LD__.021_01632","LD7_20","LODU","San_Fran","Urban","Y2020",4,"FFCZ4000",18.053,60.634,59.634,71.675,71.675,12.562,1.763,4.83,7.378,3.137,4.585,6.469,3.839,5.884,8.002
"SF__LD__.024_00616","LD8_20","LODU","San_Fran","Urban","Y2020",7,"FFCZ5000",25.884,59.34,58.837,75.739,75.739,6.912,0.608,2.606,4.554,1.478,3.033,4.014,2.368,3.38,4.777
"SF__LD__.025_01101","LD8_20","LODU","San_Fran","Urban","Y2020",7,"FFCZ5000",26.419,60.199,59.697,76.599,76.599,7.176,1.259,2.559,4.433,1.571,3.166,4.659,2.201,3.963,5.031
"SF__LD__.029_01433","LD10_20","LODU","San_Fran","Urban","Y2020",12,"FFCZ5000",18.723,53.755,53.253,74.837,74.837,14.21,2.513,6.721,10.225,4.565,6.813,8.426,5.39,7.629,9.59
"SF__LD__.029_00295","LD10_20","LODU","San_Fran","Urban","Y2020",12,"FFCZ5000",17.218,55.327,54.826,76.41,76.41,20.253,3.073,7.581,14.946,4.679,7.478,13.195,4.824,8.673,14.511
"SF__LD__.030_01367","LD10_20","LODU","San_Fran","Urban","Y2020",12,"FFCZ5000",16.465,58.068,57.567,79.151,79.151,30.282,4.89,11.471,21.099,7.428,12.315,17.285,9.937,13.935,23.837
"SF__LD__.030_00376","LD10_20","LODU","San_Fran","Urban","Y2020",12,"FFCZ5000",23.015,57.919,57.418,79.001,79.001,14.002,3.521,6.953,11.937,5.619,8.787,10.464,5.945,9.666,12.151
"SF__LD__.031_01127","LD10_20","LODU","San_Fran","Urban","Y2020",12,"FFCZ5000",23.489,56.678,56.176,77.76,77.76,11.493,2.564,7.337,11.346,5.132,7.529,9.615,5.72,7.981,10.456
"SF__LD__.031_00305","LD10_20","LODU","San_Fran","Urban","Y2020",12,"FFCZ5000",17.894,57.669,57.169,78.752,78.752,24.535,5.865,12.932,18.469,8.151,12.792,16.373,10.057,14.445,17.871
"SF__LD__.031_02250","LD10_20","LODU","San_Fran","Urban","Y2020",12,"FFCZ5000",20.293,55.241,54.74,76.323,76.323,14.073,2.959,7.115,11.974,4.413,7.024,10.086,4.778,8.024,10.567
"SF__LD__.033_01040","LD11_20","LODU","San_Fran","Urban","Y2020",13,"FFCZ5000",26.895,56.617,56.112,78.391,78.391,8.35,1.848,4.775,9.645,2.562,4.431,6.992,3.354,5.309,8.027
"SF__RICH.001_00851","RICH2_20","RICH","Richmond","Urban","Y2020",11,"FFCZ4000",21.83,66.785,65.785,86.613,86.613,45.406,10.971,21.908,37.818,11.818,20.131,26.84,17.13,24.544,31.386
"SF__RICH.002_00683","RICH2_20","RICH","Richmond","Urban","Y2020",12,"FFCZ4000",21.73,63.028,62.028,83.611,83.611,32.51,7.627,18.937,34.865,10.765,18.809,26.903,15.74,25.902,29.628
"SF__RICH.002_01596","RICH2_20","RICH","Richmond","Urban","Y2020",12,"FFCZ4000",17.473,66.164,65.164,86.748,86.748,76.157,16.754,33.751,57.757,20.453,30.599,45.673,22.764,39.516,49.216
"SF__RICH.002_02913","RICH2_20","RICH","Richmond","Urban","Y2020",12,"FFCZ4000",19.608,60.854,59.854,81.437,81.437,32.316,9.371,17.923,28.631,11.342,16.903,21.196,15.908,21.174,22.933
"SF__RICH.002_04118","RICH2_20","RICH","Richmond","Urban","Y2020",12,"FFCZ5000",14.255,62.014,61.081,82.665,82.665,58.53,8.511,19.042,46.907,11.617,20.446,37.142,14.441,28.652,46.314
"SF__RICH.002_05272","RICH2_20","RICH","Richmond","Urban","Y2020",12,"FFCZ4000",26.474,62.055,61.053,82.637,82.637,16.831,4.015,7.925,16.246,4.404,9.472,13.095,4.419,11.184,15.539
"SF__RICH.002_06366","RICH2_20","RICH","Richmond","Urban","Y2020",12,"FFCZ4000",26.275,63.491,62.49,84.074,84.074,20.319,3.444,9.241,15.981,4.502,8.589,11.915,6.408,12.085,14.417
"SF__RICH.003_00096","RICH2_20","RICH","Richmond","Urban","Y2020",11,"FFCZ4000",22.404,64.311,63.311,84.139,84.139,31.968,7.666,18.535,34.159,10.596,19.61,25.244,15.945,24.915,28.269
"SF__RICH.003_01280","RICH2_20","RICH","Richmond","Urban","Y2020",11,"FFCZ4000",22.007,64.313,63.312,84.14,84.14,33.467,8.235,18.381,31.643,10.742,18.566,26.334,17.626,24.189,30.808
"SF__RICH.004_00060","RICH2_20","RICH","Richmond","Urban","Y2020",6,"FFCZ4000",20.79,66.51,65.51,81.073,81.073,27.047,5.291,13.165,20.874,7.149,11.127,17.095,11.133,16.378,21.58
"SF__RICH.004_01168","RICH2_20","RICH","Richmond","Urban","Y2020",6,"FFCZ4000",20.838,66.136,65.136,80.699,80.699,25.764,4.898,12.586,23.044,7.544,12.108,18.415,12.108,19.256,21.638
"SF__RICH.004_02173","RICH2_20","RICH","Richmond","Urban","Y2020",6,"FFCZ5000",20.619,65.551,64.788,80.351,80.351,21.552,4.653,13.165,22.185,7.323,13.942,19.152,12.741,18.345,20.952
"SF__RICH.004_03368","RICH2_20","RICH","Richmond","Urban","Y2020",6,"FFCZ4000",20.571,67.646,66.646,82.209,82.209,31.613,5.698,14.968,26.652,8.641,14.92,22.707,12.594,20.03,25.976
"SF__RICH.004_04450","RICH2_20","RICH","Richmond","Urban","Y2020",6,"FFCZ4000",25.525,66.935,65.935,81.498,81.498,16.467,2.687,8.655,14.928,4.196,8.514,13.26,7.778,12.235,15.502
"SF__RICH.007_00473","RICH_YM_YS","RICH","Richmond","Urban","Y2020",6,"FFCZ4000",15.742,63.085,62.085,77.648,77.648,32.603,7.274,15.458,28.426,9.814,17.531,24.855,11.683,22.318,29.104
"SF__RICH.014_00917","RICH6_20","RICH","Richmond","Urban","Y2020",10,"FFCZ4000",18.91,66.25,65.25,85.25,85.25,54.32,13.31,26.13,40.829,15.719,24.089,33.51,22.492,29.63,42.414
"SF__RICH.015_00642","RICH7_20","RICH","Richmond","Urban","Y2020",7,"FFCZ4000",27.327,64.359,63.358,80.26,80.26,11.604,2.276,5.056,10.027,3.062,4.999,8.03,4.166,6.588,9.578
"SF__RICH.015_01571","RICH7_20","RICH","Richmond","Urban","Y2020",7,"FFCZ4000",27.373,64.691,63.69,80.592,80.592,11.993,1.866,4.338,11.78,2.181,6.213,8.872,3.162,7.564,10.64
"SF__RICH.015_01969","RICH7_20","RICH","Richmond","Urban","Y2020",7,"FFCZ4000",27.538,65.089,64.088,80.99,80.99,12.319,2.176,5.776,11.294,2.945,7.147,8.97,3.359,7.196,10.485
"SF__RICH.015_02827","RICH7_20","RICH","Richmond","Urban","Y2020",7,"FFCZ4000",17.903,66.754,65.754,82.656,82.656,45.249,9.806,18.308,32.011,10.722,16.737,27.778,13.688,22.666,35.612
"SF__RICH.015_03393","RICH7_20","RICH","Richmond","Urban","Y2020",7,"FFCZ4000",17.217,66.892,65.892,82.794,82.794,49.752,7.729,17.963,39.025,10.338,17.521,32.972,15.497,32.13,44.312
"SF__RICH.015_04011","RICH7_20","RICH","Richmond","Urban","Y2020",7,"FFCZ4000",28.077,68.54,67.539,84.441,84.441,17.225,3.695,7.343,13.752,3.192,7.203,11.449,3.719,7.714,12.124
"SF__RICH.017_00162","RICH8_20","RICH","Richmond","Urban","Y2020",5,"FFCZ4000",20.211,67.015,66.015,79.994,79.994,25.534,4.602,8.109,18.075,5.306,7.653,14.914,6.854,11.415,20.08
"SF__RICH.017_00866","RICH8_20","RICH","Richmond","Urban","Y2020",5,"FFCZ4000",20.579,66.856,65.855,79.835,79.835,24.03,3.679,7.144,18.244,4.64,7.656,15.448,5.762,14.215,20.257
"SF__RICH.017_02168","RICH8_20","RICH","Richmond","Urban","Y2020",5,"FFCZ4000",19.846,68.264,67.264,81.243,81.243,30.748,5.172,14.498,26.137,7.845,14.378,20.11,9.971,17.819,26.908
"SF__RICH.017_02730","RICH8_20","RICH","Richmond","Urban","Y2020",5,"FFCZ4000",20.41,68.832,67.832,81.812,81.812,30.765,4.231,14.099,25.223,6.063,12.948,19.02,9.247,15.854,24.904
"SF__RICH.017_03261","RICH8_20","RICH","Richmond","Urban","Y2020",5,"FFCZ4000",20.235,67.848,66.848,80.828,80.828,28.029,4.723,12.48,27.537,7.288,13.9,21.096,10.667,19.187,25.299
"SF__RICH.017_03945","RICH8_20","RICH","Richmond","Urban","Y2020",5,"FFCZ5000",21.798,67.626,67.032,81.012,81.012,20.304,5.764,13.198,21.751,6.756,11.575,16.347,8.542,13.048,18.049
"SF__RICH.017_04583","RICH8_20","RICH","Richmond","Urban","Y2020",5,"FFCZ4000",20.43,66.042,65.042,79.022,79.022,22.262,4.287,10.921,19.024,5.667,10.464,15.512,7.486,12.774,19.447
"SF__RICH.020_00157","RICH_WS_Ylb","RICH","Richmond","Urban","Y2020",3,"FFCZ4000",25.658,70.739,69.739,79.281,79.281,12.564,3.031,6.239,10.714,4.102,6.82,9.609,6.537,9.085,10.59
"SF__RICH.020_00882","RICH_WS_Ylb","RICH","Richmond","Urban","Y2020",3,"FFCZ4000",25.388,71.025,70.025,79.567,79.567,13.394,2.895,4.403,8.153,3.318,4.365,9.473,3.608,5.404,10.822
"SF__RICH.021_00330","RICH_WS_Ylb","RICH","Richmond","Urban","Y2020",4,"FFCZ4000",26.96,65.895,64.894,76.935,76.935,8.255,1.68,3.141,5.6,2.024,3.254,5.659,2.158,4.166,6.615
"SF__RICH.021_01295","RICH_WS_Ylb","RICH","Richmond","Urban","Y2020",4,"FFCZ4000",29.858,68.133,67.132,79.173,79.173,7.651,1.446,1.999,6.514,1.463,2.104,6.022,1.594,3.916,6.88
"SF__RICH.021_02362","RICH_WS_Ylb","RICH","Richmond","Urban","Y2020",4,"FFCZ4000",28.703,68.634,67.634,79.675,79.675,9.259,2.091,3.878,6.799,2.448,4.187,6.168,2.302,4.71,7.821
"SF__RICH.021_03531","RICH_WS_Ylb","RICH","Richmond","Urban","Y2020",4,"FFCZ4000",26.41,69.269,68.269,80.31,80.31,12.971,1.687,4.056,9.892,1.576,6.019,9.354,2.189,6.019,11.217
"SF__RICH.021_04435","RICH_WS_Ylb","RICH","Richmond","Urban","Y2020",4,"FFCZ4000",23.357,70.168,69.168,81.209,81.209,20.444,3.497,5.952,14.666,4.015,5.9,13.776,5.057,9.233,16.7
"SF__RICH.021_05476","RICH_WS_Ylb","RICH","Richmond","Urban","Y2020",4,"FFCZ4000",26.765,70.316,69.316,81.357,81.357,14.046,1.854,3.568,8.666,1.762,3.875,9.118,2.403,5.288,10.579
"SF__RICH.023_00001","RICH11_20","RICH","Richmond","Urban","Y2020",11,"FFCZ4000",20.903,61.794,60.794,81.621,81.621,28.436,9.162,16.765,25.877,12.153,15.485,22.132,16.657,21.518,25.602
"SF__RICH.027_00744","RICH12_20","RICH","Richmond","Urban","Y2020",5,"FFCZ4000",21.797,58.387,57.386,71.365,71.365,7.877,1.603,3.554,5.244,1.918,3.496,4.889,2.697,3.793,5.435
"SF__RICH.027_01474","RICH12_20","RICH","Richmond","Urban","Y2020",5,"FFCZ4000",22.711,59.275,58.274,72.253,72.253,7.853,2.042,3.687,6.536,2.381,3.75,5.087,2.887,4.084,6.033
"SF__RICH.027_02393","RICH12_20","RICH","Richmond","Urban","Y2020",5,"FFCZ4000",23.522,63.098,62.097,76.076,76.076,11.109,2.477,4.638,11.176,2.447,4.321,8.128,2.925,5.27,9.804
"SF__RICH.027_03077","RICH12_20","RICH","Richmond","Urban","Y2020",5,"FFCZ4000",24.291,59.678,58.677,72.656,72.656,6.858,1.772,3.415,6.116,2.512,3.08,4.745,2.89,3.496,5.837
"SF__RICH.027_03735","RICH12_20","RICH","Richmond","Urban","Y2020",5,"FFCZ4000",24.302,57.042,56.039,70.018,70.018,5.055,1.565,3.052,4.609,1.703,3.039,3.716,3.006,3.498,3.998
"SF__LM__.011_00001","LM5_20","LAME","Merced","Urban","Y2020",5,"FFCZ4000",22.699,56.969,55.967,69.946,69.946,6.03,1.781,3.359,5.743,1.214,2.967,5.323,2.733,4.434,5.413
"SF__LM__.011_01668","LM5_20","LAME","Merced","Urban","Y2020",5,"FFCZ4000",26.326,57.501,56.497,70.476,70.476,4.221,0.771,1.771,3.389,0.675,1.54,2.696,1.163,2.361,3.021
"SF__LM__.017_00024","LM6_20","LAME","Merced","Urban","Y2020",9,"FFCZ5000",20.095,55.465,54.963,74.048,74.048,11.08,2.374,5.421,8.531,2.876,4.188,6.964,3.826,5.555,8.979
"SF__LM__.017_01157","LM6_20","LAME","Merced","Urban","Y2020",9,"FFCZ4000",24.83,56.481,55.477,74.562,74.562,8.027,1.729,3.116,5.13,1.682,2.668,4.18,2.548,3.592,4.869
"SF__LM__.019_00001","LM2_20","LAME","Merced","Urban","Y2020",6,"FFCZ5000",37.701,63.222,62.708,78.271,78.271,2.373,0.405,0.89,2.134,0.4,0.898,1.704,0.484,1.397,2.063
"SF__LM__.019_01709","LM2_20","LAME","Merced","Urban","Y2020",6,"FFCZ5000",38.698,60.992,60.463,76.026,76.026,1.634,0.391,0.89,1.335,0.462,0.799,1.178,0.625,0.905,1.316
"SF__LM__.019_03592","LM2_20","LAME","Merced","Urban","Y2020",6,"FFCZ5000",37.318,62.56,62.046,77.609,77.609,2.298,0.432,1.114,2.086,0.595,1.228,1.653,0.519,1.309,1.767
"SF__LM__.019_05695","LM2_20","LAME","Merced","Urban","Y2020",6,"FFCZ5000",37.335,61.989,61.473,77.036,77.036,2.147,0.396,0.658,1.923,0.44,0.814,1.524,0.496,0.897,1.562
"SF__LM__.019_07316","LM2_20","LAME","Merced","Urban","Y2020",6,"FFCZ5000",38.365,62.254,61.734,77.297,77.297,1.966,0.308,0.898,1.745,0.34,0.958,1.438,0.439,1.239,1.644
"SF__LM__.021_00142","LM3_20","LAME","Merced","Urban","Y2020",10,"FFCZ4000",25.296,54.004,52.997,72.997,72.997,6.353,1.643,3.239,5.762,1.668,3.131,4.482,2.41,4.17,5.389
"SF__LM__.021_01795","LM3_20","LAME","Merced","Urban","Y2020",10,"FFCZ4000",25.926,54.686,53.679,73.679,73.679,6.392,1.417,2.702,5.375,1.609,3.016,4.547,1.935,4.139,5.524
"SF__LM__.025_00642","LM8_20","LAME","Merced","Urban","Y2020",8,"FFCZ5000",24.142,60.723,60.222,78.284,78.284,11.323,1.194,1.995,8.415,1.377,2.28,6.234,1.214,1.701,7.501
"SF__LM__.025_02117","LM8_20","LAME","Merced","Urban","Y2020",8,"FFCZ5000",20.544,62.332,61.831,79.893,79.893,20.622,3.787,6.735,17.525,3.317,6.018,10.329,4.467,7.817,13.626
"SF__LM__.025_06269","LM8_20","LAME","Merced","Urban","Y2020",8,"FFCZ5000",25.833,61.496,60.994,79.056,79.056,10.187,3.027,6.093,10.299,3.04,5.062,8.542,3.803,7.317,10.114
"SF__LM__.027_00790","LM4_20","LAME","Merced","Urban","Y2020",5,"FFCZ5000",23.899,55.376,54.872,68.852,68.852,3.931,1.599,3.171,4.13,1.569,2.407,3.418,2.006,3.29,3.918
"SF__LM__.027_01275","LM4_20","LAME","Merced","Urban","Y2020",5,"FFCZ5000",30.468,55.101,54.584,68.563,68.563,1.785,0.929,1.881,2.588,0.961,1.357,1.821,1.102,1.776,2.349
"SF__LM__.027_01760","LM4_20","LAME","Merced","Urban","Y2020",5,"FFCZ5000",25.931,53.813,53.305,67.285,67.285,2.598,0.798,1.959,2.981,1.034,1.565,2.404,1.274,2.028,2.525
"SF__LM__.027_02245","LM4_20","LAME","Merced","Urban","Y2020",5,"FFCZ5000",30.104,58.837,58.331,72.31,72.31,2.865,0.999,1.698,2.87,1.079,1.442,2.286,1.327,1.892,2.538
"SF__LM__.027_02862","LM4_20","LAME","Merced","Urban","Y2020",5,"FFCZ5000",28.267,58.624,58.119,72.099,72.099,3.455,1.466,3.04,3.949,1.519,2.447,3.24,1.519,2.786,3.409
"SF__LM__.027_03485","LM4_20","LAME","Merced","Urban","Y2020",5,"FFCZ4000",22.447,56.788,55.786,69.765,69.765,6.079,2.108,4.134,5.155,2.021,3.361,4.041,3.179,3.688,4.454
"SF__LM__.027_04052","LM4_20","LAME","Merced","Urban","Y2020",5,"FFCZ5000",27.571,58.424,57.92,71.899,71.899,3.658,1.288,2.555,3.674,1.307,2.025,2.871,1.561,2.606,3.254
"SF__LM__.027_05027","LM4_20","LAME","Merced","Urban","Y2020",5,"FFCZ5000",31.004,60.52,60.015,73.994,73.994,3.136,1.138,1.967,3.252,1.152,1.694,2.508,1.237,2.052,2.574
"SF__LM__.027_06606","LM4_20","LAME","Merced","Urban","Y2020",5,"FFCZ5000",31.153,61.599,60.955,74.934,74.934,3.435,0.803,1.542,3.239,0.808,1.385,2.429,1.016,2.288,3.122
"SF__LM__.027_07127","LM4_20","LAME","Merced","Urban","Y2020",5,"FFCZ5000",26.835,62.475,61.974,75.953,75.953,6.35,2.07,5.036,7.281,2.152,3.706,6.232,3.142,5.583,6.836
"SF__LM__.027_07688","LM4_20","LAME","Merced","Urban","Y2020",5,"FFCZ5000",23.234,62.045,61.544,75.524,75.524,9.149,3.242,5.112,8.509,2.556,4.376,6.523,2.89,5.978,8.44
"SF__LM__.027_08214","LM4_20","LAME","Merced","Urban","Y2020",5,"FFCZ4000",22.546,62.516,61.515,75.494,75.494,11.624,2.967,4.628,8.681,2.275,3.784,6.691,3.125,5.448,8.06
"SF__LM__.027_08786","LM4_20","LAME","Merced","Urban","Y2020",5,"FFCZ5000",28.969,61.779,61.241,75.22,75.22,4.565,1.395,2.557,4.507,1.145,1.946,3.414,1.683,2.968,4.334
"SF__LM__.027_09327","LM4_20","LAME","Merced","Urban","Y2020",5,"FFCZ5000",30.962,61.696,61.192,75.172,75.172,3.609,1.292,2.348,3.549,1.184,1.914,3.056,1.617,2.804,3.446
"SF__LM__.027_09878","LM4_20","LAME","Merced","Urban","Y2020",5,"FFCZ5000",29.99,64.01,63.508,77.487,77.487,5.269,2.193,3.699,5.388,2.168,3.185,4.772,1.907,3.381,4.561
"SF__LM__.027_10465","LM4_20","LAME","Merced","Urban","Y2020",5,"FFCZ5000",31.921,63.47,62.966,76.946,76.946,3.964,1.584,2.548,3.794,1.554,2.159,3.18,1.708,2.395,3.692
"SF__LM__.027_11083","LM4_20","LAME","Merced","Urban","Y2020",5,"FFCZ5000",34.57,65.932,65.429,79.408,79.408,3.88,1.051,1.671,3.509,0.897,1.483,3.014,1.131,2.442,3.495
"SF__LM__.027_11682","LM4_20","LAME","Merced","Urban","Y2020",5,"FFCZ5000",30.332,65.226,64.724,78.703,78.703,5.827,1.853,3.48,5.489,1.451,2.808,4.667,1.747,3.926,4.8
"SF__LM__.032_00039","LM9_20","LAME","Merced","Urban","Y2020",5,"FFCZ4000",22.05,61.451,60.451,74.43,74.43,10.888,1.286,3.609,7.135,1.708,2.941,6.188,3,5.718,8.057
"SF__LM__.033_00325","LM9_20","LAME","Merced","Urban","Y2020",11,"FFCZ4000",25.673,57.483,56.479,77.307,77.307,9.992,2.526,7.068,10.02,3.027,6.22,8.356,5.329,7.55,9.17
"SF__LM__.033_01943","LM9_20","LAME","Merced","Urban","Y2020",11,"FFCZ4000",28.499,55.999,54.989,75.817,75.817,6.079,2.194,4.833,7.08,1.797,4.237,5.832,3.906,5.246,6.036
"SF__LM__.033_02857","LM9_20","LAME","Merced","Urban","Y2020",11,"FFCZ4000",27.824,55.279,54.269,75.097,75.097,6.048,1.472,3.39,4.996,1.816,2.921,4.173,2.324,3.805,4.685
"SF__LM__.035_00963","LM10_20","LAME","Merced","Urban","Y2020",9,"FFCZ4000",21.098,48.646,47.636,66.721,66.721,5.002,0.861,1.53,3.246,1.008,1.44,2.919,1.271,2.356,3.564
"SF__LM__.035_02005","LM10_20","LAME","Merced","Urban","Y2020",9,"FFCZ4000",22.107,47.946,46.932,66.017,66.017,4.106,0.794,1.434,2.84,0.813,1.256,2.244,0.985,1.395,3.005
"SF__LM__.035_03225","LM10_20","LAME","Merced","Urban","Y2020",9,"FFCZ4000",20.992,47.355,46.342,65.427,65.427,4.362,0.922,1.92,3.079,1.196,1.734,2.517,1.502,2.267,3.155
"SF__LM__.035_04082","LM10_20","LAME","Merced","Urban","Y2020",9,"FFCZ4000",22.544,50.397,49.388,68.473,68.473,5.181,1.319,2.202,3.964,1.462,2.082,3.127,2.102,2.843,4.094
"SF__LM__.035_04868","LM10_20","LAME","Merced","Urban","Y2020",9,"FFCZ4000",20.274,53.853,52.85,71.935,71.935,10.023,1.769,3.401,7.864,1.742,3.105,6.685,2.737,3.75,7.901
"SF__LM__.035_05721","LM10_20","LAME","Merced","Urban","Y2020",9,"FFCZ5000",23.297,54.593,53.958,73.043,73.043,6.826,1.372,2.893,4.308,1.514,2.553,3.705,1.724,3.343,4.647
"SF__LM__.035_06805","LM10_20","LAME","Merced","Urban","Y2020",9,"FFCZ4000",17.224,55.956,54.955,74.04,74.04,18.145,2.436,4.287,10.154,2.553,3.931,9.73,2.896,5.011,13.134
"SF__LM__.035_07923","LM10_20","LAME","Merced","Urban","Y2020",9,"FFCZ5000",22.332,54.214,53.473,72.558,72.558,7.214,2.203,3.416,7.173,2.439,2.838,5.541,2.776,3.387,7.172
"SF__LM__.035_09031","LM10_20","LAME","Merced","Urban","Y2020",9,"FFCZ5000",18.422,55.61,55.109,74.194,74.194,13.661,3.206,5.917,10.861,2.667,4.934,9.021,3.968,6.538,11.544
"SF__LM__.035_10113","LM10_20","LAME","Merced","Urban","Y2020",9,"FFCZ4000",21.519,54.813,53.81,72.895,72.895,9.7,1.524,2.833,5.086,1.461,2.598,4.517,1.913,3.271,5.897
"SF__LM__.035_11236","LM10_20","LAME","Merced","Urban","Y2020",9,"FFCZ5000",22.634,55.933,55.431,74.516,74.516,8.729,1.838,3.781,6.549,1.998,3.224,5.7,2.222,3.521,7.353
"SF__LM__.035_13494","LM10_20","LAME","Merced","Urban","Y2020",9,"FFCZ5000",20.593,55.664,54.949,74.034,74.034,10.446,2.025,4.296,6.669,2.221,3.504,6.291,2.848,4.403,7.555
"SF__LM__.035_14903","LM10_20","LAME","Merced","Urban","Y2020",9,"FFCZ4000",22.488,52.725,51.72,70.805,70.805,6.82,1.239,2.511,5.522,1.576,2.408,4.671,2.076,3.233,5.152
"SF__LM__.038_00540","LM11_20","LAME","Merced","Urban","Y2020",9,"FFCZ5000",26.764,61.539,61.037,80.122,80.122,10.346,3.649,5.88,10.249,3.217,4.692,8.606,4.373,6.811,9.045
"SF__LM__.039_00315","LM11_20","LAME","Merced","Urban","Y2020",9,"FFCZ5000",21.645,59.797,58.908,77.993,77.993,14.598,3.801,7.846,12.585,3.783,7.112,10.308,4.923,9.265,12.122
"SF__LM__.039_02296","LM11_20","LAME","Merced","Urban","Y2020",9,"FFCZ5000",24.293,61.602,61.101,80.186,80.186,13.853,2.937,6.572,12.108,3.256,6.518,10.219,3.425,8.674,11.722
"SF__LM__.039_04307","LM11_20","LAME","Merced","Urban","Y2020",9,"FFCZ5000",23.666,61.308,60.807,79.892,79.892,14.394,3.208,7.327,13.08,3.581,6.657,10.576,3.581,9.383,12.116
"SF__LM__.039_06203","LM11_20","LAME","Merced","Urban","Y2020",9,"FFCZ5000",18.222,61.566,61.066,80.151,80.151,27.754,5.851,12.956,23.628,6.236,13.03,19.145,7.082,14.104,21.449
"SF__LM__.039_08020","LM11_20","LAME","Merced","Urban","Y2020",9,"FFCZ5000",22.435,60.931,60.43,79.515,79.515,15.881,3.908,6.761,14.64,3.417,7.1,11.775,4.641,9.408,13.591
"SF__LM__.039_12494","LM11_20","LAME","Merced","Urban","Y2020",9,"FFCZ5000",24.228,60.293,59.792,78.877,78.877,12.004,2.283,5.717,10.702,2.835,5.605,8.902,3.124,7.293,9.828
"SF__LM__.040_00070","LM11_20","LAME","Merced","Urban","Y2020",9,"FFCZ5000",28.708,60.47,59.967,79.052,79.052,7.313,2.188,4.41,7.512,2.836,4.748,6.739,3.012,5.151,6.635
"SF__LM__.040_01729","LM11_20","LAME","Merced","Urban","Y2020",9,"FFCZ5000",28.07,60.541,60.039,79.124,79.124,7.936,1.911,3.272,7.183,2.238,3.658,6.191,2.393,4.294,7.16
"SF__LM__.040_03148","LM11_20","LAME","Merced","Urban","Y2020",9,"FFCZ5000",24.137,60.229,59.728,78.813,78.813,12.041,2.93,5.161,10.368,2.945,5.312,8.783,3.079,5.894,9.138
"SF__LM__.040_04639","LM11_20","LAME","Merced","Urban","Y2020",9,"FFCZ5000",25.12,61.37,60.869,79.954,79.954,12.263,2.704,5.521,9.919,2.736,4.744,8.844,2.934,5.724,8.449
"SF__LM__.042_00136","LM12_20","LAME","Merced","Urban","Y2020",7,"FFCZ4000",28.11,55.851,54.842,71.744,71.744,3.978,0.656,2.23,3.498,1.068,1.944,2.924,1.921,2.645,3.274
"SF__LM__.042_01060","LM12_20","LAME","Merced","Urban","Y2020",7,"FFCZ4000",35.346,57.769,56.737,73.639,73.639,2.151,0.45,0.795,1.727,0.397,0.803,1.536,0.704,1.012,1.737
"SF__LM__.042_01760","LM12_20","LAME","Merced","Urban","Y2020",7,"FFCZ4000",28.142,57.409,56.403,73.305,73.305,4.744,1.061,2.274,3.708,1.366,1.905,2.857,1.706,2.66,3.529
"SF__LM__.042_02648","LM12_20","LAME","Merced","Urban","Y2020",7,"FFCZ4000",28.127,59.002,57.998,74.9,74.9,5.71,1.48,2.231,4.644,1.544,1.888,3.423,1.84,2.532,4.384
"SF__LM__.042_03592","LM12_20","LAME","Merced","Urban","Y2020",7,"FFCZ4000",25.642,57.928,56.925,73.827,73.827,6.718,1.903,3.912,5.207,2.189,3.245,4.013,3.398,4.031,4.822
"SF__LM__.042_04460","LM12_20","LAME","Merced","Urban","Y2020",7,"FFCZ4000",32.475,59.978,58.968,75.87,75.87,3.87,0.713,2.007,3.062,1.194,1.76,2.407,1.331,2.248,2.748
"SF__LM__.042_05614","LM12_20","LAME","Merced","Urban","Y2020",7,"FFCZ4000",27.314,56.91,55.904,72.806,72.806,4.927,1.122,2.654,3.869,1.475,2.23,3.243,2.057,2.8,3.618
"SF__LM__.042_06239","LM12_20","LAME","Merced","Urban","Y2020",7,"FFCZ4000",27.415,62.103,61.101,78.003,78.003,8.859,2.346,3.822,6.236,2.227,3.466,4.583,2.911,4.199,5.786
"SF__LM__.042_07244","LM12_20","LAME","Merced","Urban","Y2020",7,"FFCZ4000",26.818,61.224,60.222,77.124,77.124,8.576,1.887,3.271,5.308,1.987,2.692,4.289,2.543,3.733,5.464
"SF__LM__.042_08056","LM12_20","LAME","Merced","Urban","Y2020",7,"FFCZ4000",26.076,60.055,59.053,75.955,75.955,8.164,1.979,3.494,6.051,2.535,3.015,4.689,2.977,4.122,6.008
"SF__LM__.042_09010","LM12_20","LAME","Merced","Urban","Y2020",7,"FFCZ4000",28.322,60.604,59.601,76.503,76.503,6.714,1.656,2.907,5.284,1.871,2.761,4.357,2.057,3.738,5.423
"SF__LM__.042_09950","LM12_20","LAME","Merced","Urban","Y2020",7,"FFCZ4000",29.412,58.909,57.903,74.805,74.805,4.871,0.934,1.788,4.218,1.099,1.641,3.173,1.217,2.047,3.82
"SF__LM__.042_10935","LM12_20","LAME","Merced","Urban","Y2020",7,"FFCZ4000",30.183,60.307,59.302,76.204,76.204,5.236,0.899,1.944,4.127,0.981,1.772,3.287,1.165,2.363,3.983
"SF__LM__.042_11884","LM12_20","LAME","Merced","Urban","Y2020",7,"FFCZ4000",27.6,60.575,59.572,76.474,76.474,7.272,1.546,3.044,5.242,1.685,2.54,4.002,1.962,3.665,5.282
"SF__LM__.042_12917","LM12_20","LAME","Merced","Urban","Y2020",7,"FFCZ5000",35.219,53.386,52.704,69.606,69.606,1.165,0.515,0.95,1.314,0.456,0.834,1.102,0.775,1.023,1.165
"SF__LM__.042_14097","LM12_20","LAME","Merced","Urban","Y2020",7,"FFCZ4000",27.953,55.407,54.398,71.3,71.3,3.849,0.48,1.614,2.958,0.717,1.533,2.284,1.243,2.079,3.178
"SF__LM__.051_00785","LM14_20","LAME","Merced","Urban","Y2020",5,"FFCZ4000",33.442,65.254,64.25,78.229,78.229,4.543,1.093,2.195,3.258,1.247,2.125,2.739,2.005,2.666,3.286
"SF__LM__.051_02582","LM14_20","LAME","Merced","Urban","Y2020",5,"FFCZ4000",31.088,61.94,60.936,74.915,74.915,4.067,1.402,2.836,3.695,1.353,2.359,3.155,2.172,3.088,3.734
"SF__LM__.051_03929","LM14_20","LAME","Merced","Urban","Y2020",5,"FFCZ4000",27.657,65.86,64.859,78.839,78.839,9.486,1.908,3.671,6.114,1.826,2.846,5.022,2.567,4.515,6.111
"SF__LM__.051_05609","LM14_20","LAME","Merced","Urban","Y2020",5,"FFCZ4000",27.978,67.663,66.662,80.642,80.642,11.25,3.851,6.191,8.823,2.93,4.993,7.142,4.03,7.414,7.668
"SF__LM__.051_06938","LM14_20","LAME","Merced","Urban","Y2020",5,"FFCZ4000",32.318,65.077,64.074,78.054,78.054,5.067,1.362,3.048,3.862,1.267,2.676,3.467,1.999,3.148,3.889
"SF__LM__.051_09883","LM14_20","LAME","Merced","Urban","Y2020",5,"FFCZ4000",27.895,64.459,63.458,77.437,77.437,7.853,1.962,4.784,5.944,1.778,4.024,4.975,3.916,4.973,5.434
"SF__LM__.051_11410","LM14_20","LAME","Merced","Urban","Y2020",5,"FFCZ4000",29.647,61.963,60.959,74.939,74.939,4.815,1.393,2.449,3.155,1.154,2.146,2.745,2.006,2.745,3.097
"SF__LM__.053_03378","LM15_20","LAME","Merced","Urban","Y2020",6,"FFCZ4000",32.113,53.995,52.959,68.522,68.522,1.731,0.32,0.731,1.405,0.531,0.753,1.154,0.627,1.049,1.272
"SF__LM__.053_01795","LM15_20","LAME","Merced","Urban","Y2020",6,"FFCZ3150",29.238,52.925,51.701,67.264,67.264,2.404,0.312,1.084,1.398,0.513,0.954,1.239,0.829,1.239,1.356
"SF__LM__.053_04516","LM15_20","LAME","Merced","Urban","Y2020",6,"FFCZ3150",27.77,55.816,54.607,70.17,70.17,3.977,0.861,1.205,2.799,0.898,1.589,2.456,1.372,2.102,2.674
"SF__LM__.053_08418","LM15_20","LAME","Merced","Urban","Y2020",6,"FFCZ3150",27.414,57.431,56.226,71.789,71.789,4.992,0.867,1.76,2.47,1.386,1.704,2.636,1.198,1.775,2.547
"SF__LM__.055_00820","LM16_20","LAME","Merced","Urban","Y2020",6,"FFCZ4000",37.028,59.53,58.499,74.062,74.062,1.861,0.313,0.618,1.391,0.336,0.688,1.195,0.519,1.125,1.38
"SF__LM__.056_01254","LM16_20","LAME","Merced","Urban","Y2020",6,"FFCZ4000",25.087,61.956,60.955,76.518,76.518,9.761,2.259,4.561,7.664,2.238,4.908,6.691,3.626,5.814,7.67
"SF__LM__.056_01877","LM16_20","LAME","Merced","Urban","Y2020",6,"FFCZ4000",25.174,61.071,60.07,75.633,75.633,8.728,1.178,3.096,7.327,1.287,3.83,6.496,2.003,4.821,7.054
"SF__LM__.056_04802","LM16_20","LAME","Merced","Urban","Y2020",6,"FFCZ4000",31.322,64.451,63.448,79.011,79.011,6.345,1.863,3.297,4.008,1.565,3.525,3.97,2.263,3.854,4.059
"SF__LM__.056_05711","LM16_20","LAME","Merced","Urban","Y2020",6,"FFCZ4000",35.815,61.949,60.936,76.499,76.499,2.832,0.725,1.7,2.621,0.789,1.563,2.324,1.322,2.264,2.599
"SF__LM__.056_06356","LM16_20","LAME","Merced","Urban","Y2020",6,"FFCZ4000",26.89,63.163,62.161,77.724,77.724,9.113,2.146,5.026,8.494,2.478,5.145,6.829,4.281,6.418,7.811
"SF__LM__.056_07035","LM16_20","LAME","Merced","Urban","Y2020",6,"FFCZ4000",28.141,64.652,63.651,79.214,79.214,9.367,1.477,3.528,6.796,1.66,4.605,6.41,2.731,5.435,6.587
"SF__LM__.056_07847","LM16_20","LAME","Merced","Urban","Y2020",6,"FFCZ4000",30.785,60.417,59.411,74.974,74.974,4.24,0.673,1.965,3.329,0.746,2.12,2.714,1.653,2.675,3.161
"SF__LM__.056_10077","LM16_20","LAME","Merced","Urban","Y2020",6,"FFCZ4000",34.396,64.26,63.254,78.817,78.817,4.355,0.833,1.863,3.558,0.851,1.992,3.223,1.017,3.025,3.709
"SF__LM__.057_00147","LM16_20","LAME","Merced","Urban","Y2020",6,"FFCZ4000",28.622,64.365,63.363,78.926,78.926,8.574,2.522,4.654,7.752,2.557,5.017,6.102,2.949,5.723,6.866
"SF__LM__.057_00872","LM16_20","LAME","Merced","Urban","Y2020",6,"FFCZ4000",32.29,64.487,63.484,79.047,79.047,5.699,1.528,3.843,5.274,1.266,3.186,4.351,2.024,3.713,5.015
"SF__LM__.057_01688","LM16_20","LAME","Merced","Urban","Y2020",6,"FFCZ4000",26.212,64.11,63.109,78.672,78.672,10.989,2.55,4.958,10.841,2.534,6.29,8.771,3.191,7.669,9.312
"SF__LM__.057_02444","LM16_20","LAME","Merced","Urban","Y2020",6,"FFCZ4000",29.063,65.791,64.789,80.352,80.352,9.603,1.914,4.923,8.119,1.674,5.248,6.754,2.415,5.993,7.78
"SF__LM__.057_03199","LM16_20","LAME","Merced","Urban","Y2020",6,"FFCZ4000",26.222,63.797,62.796,78.359,78.359,10.588,2.567,4.686,7.599,2.616,4.131,6.789,2.99,5.443,7.881
"SF__LM__.057_03960","LM16_20","LAME","Merced","Urban","Y2020",6,"FFCZ4000",29.848,65.377,64.375,79.938,79.938,8.365,1.848,3.935,5.617,1.817,3.539,4.86,2.717,4.739,5.841
"SF__LM__.061_02173","LM18_20","LAME","Merced","Urban","Y2020",5,"FFCZ4000",24.586,60.157,59.156,73.135,73.135,7.005,1.326,3.086,5.52,1.419,2.394,4.729,1.97,3.497,5.188
"SF__LM__.061_03118","LM18_20","LAME","Merced","Urban","Y2020",5,"FFCZ4000",28.716,61.42,60.417,74.396,74.396,5.035,0.871,1.925,4.18,0.765,1.892,3.513,0.94,2.565,3.825
"SF__LM__.062_00591","LM18_20","LAME","Merced","Urban","Y2020",5,"FFCZ4000",37.048,59.713,58.683,72.663,72.663,1.58,0.338,0.766,1.084,0.383,0.783,0.975,0.448,0.823,1.04
"PR__COMW.002_00601","COMW3_20","COMW","Commonweal","Rural","Y2020",16,"FFCZ4000",18.079,61.41,60.41,84.492,84.492,54.779,4.474,8.532,18.205,3.876,8.227,20.624,5.671,9.604,26.759
"PR__COMW.002_01734","COMW3_20","COMW","Commonweal","Rural","Y2020",16,"FFCZ4000",23.321,59.069,58.067,82.15,82.15,22.878,4.42,8.293,17.151,4.206,6.74,14.249,6.022,10.791,16.181
"PR__COMW.025_00565","COMW12_20","COMW","Commonweal","Rural","Y2020",9,"FFCZ4000",22.602,55.787,54.784,73.869,73.869,9.579,1.967,4.649,8.37,1.952,3.454,5.968,2.89,5.164,7.295
"PR__COMW.025_01775","COMW12_20","COMW","Commonweal","Rural","Y2020",9,"FFCZ4000",14.331,56.766,55.766,74.851,74.851,27.795,6.675,16,22.733,6.075,11.866,17.511,10.435,17.046,20.854
"PR__COMW.025_05241","COMW12_20","COMW","Commonweal","Rural","Y2020",9,"FFCZ4000",13.321,58.593,57.593,76.678,76.678,38.531,9.117,21.534,32.627,10.175,18.317,23.936,14.674,22.154,27.683
"PR__COMW.025_03398","COMW12_20","COMW","Commonweal","Rural","Y2020",9,"FFCZ4000",9.962,56.62,55.62,74.705,74.705,45.197,11.434,24.594,33.831,10.688,20.771,27.533,18.169,27.065,32.208
"PR__COMW.025_10654","COMW12_20","COMW","Commonweal","Rural","Y2020",9,"FFCZ4000",13.619,56.881,55.88,74.965,74.965,30.568,6.407,13.084,21.718,4.611,10.898,15.483,9.304,14.571,23.131
"PR__COMW.025_09414","COMW12_20","COMW","Commonweal","Rural","Y2020",9,"FFCZ4000",11.086,55.817,54.817,73.902,73.902,36.204,8.293,20.8,34.86,8.588,16.457,25.81,13.656,25.201,29.748
"PR__COMW.025_07132","COMW12_20","COMW","Commonweal","Rural","Y2020",9,"FFCZ4000",12.047,56.993,55.993,75.077,75.077,37.107,8.958,25.823,33.716,10.604,19.798,27.745,17.712,27.149,31.494
"PR__COMW.028_01887","COMW13_20","COMW","Commonweal","Rural","Y2020",8,"FFCZ4000",13.295,66.446,65.446,83.508,83.508,84.842,14.312,34.191,63.733,13.224,34.812,57.433,22.269,41.991,57.09
"PR__COMW.028_00601","COMW13_20","COMW","Commonweal","Rural","Y2020",8,"FFCZ4000",16.369,65.824,64.824,82.886,82.886,55.438,10.315,16.741,31.302,9.667,15.404,24.865,12.59,22.143,27.213
"PR__COMW.030_01300","COMW13_20","COMW","Commonweal","Rural","Y2020",9,"FFCZ4000",15.142,57.929,56.928,76.013,76.013,28.941,5.602,11.301,17.735,4.155,9.506,15.672,6.855,11.436,16.921
"PR__COMW.032_00070","COMW14_20","COMW","Commonweal","Rural","Y2020",8,"FFCZ4000",26.447,57.99,56.986,75.048,75.048,7.047,1.153,2.201,4.081,1.209,1.75,3.981,1.572,2.918,4.642
"PR__COMW.040_05333","COMW16_20","COMW","Commonweal","Rural","Y2020",23,"FFCZ4000",16.073,56.13,55.13,82.364,82.364,54.015,9.232,14.075,29.333,9.117,12.919,25.976,11.479,15.433,36.401
"PR__COMW.040_04358","COMW16_20","COMW","Commonweal","Rural","Y2020",23,"FFCZ4000",16.025,50.657,49.655,76.89,76.89,28.921,7.311,11.898,22.219,7.537,12.613,17.509,9.002,13.929,19.847
"PR__COMW.040_01510","COMW16_20","COMW","Commonweal","Rural","Y2020",23,"FFCZ4000",15.961,51.099,50.097,77.332,77.332,30.656,4.433,12.184,26.696,4.653,13.884,28.52,9.045,14.648,27.394
"PR__COMW.040_02209","COMW16_20","COMW","Commonweal","Rural","Y2020",23,"FFCZ4000",14.133,50.42,49.419,76.653,76.653,34.991,6.437,12.121,22.349,8.065,14.055,18.294,8.898,16.308,20.763
"PR__COMW.040_02954","COMW16_20","COMW","Commonweal","Rural","Y2020",23,"FFCZ4000",16.529,50.956,49.954,77.188,77.188,28.243,4.215,9.675,15.471,5.487,9.477,18.444,6.868,11.146,18.538
"PR__COMW.040_03613","COMW16_20","COMW","Commonweal","Rural","Y2020",23,"FFCZ4000",14.748,51.061,50.06,77.294,77.294,35.096,5.859,8.499,19.8,5.729,9.221,23.189,5.533,9.315,16.848
"PR__COMW.040_06131","COMW16_20","COMW","Commonweal","Rural","Y2020",23,"FFCZ4000",14.149,52.119,51.118,78.352,78.352,42.473,7.802,19.38,28.293,10.174,16.872,23.353,12.83,20.478,26.08
"PR__COMW.040_06974","COMW16_20","COMW","Commonweal","Rural","Y2020",23,"FFCZ4000",15.106,53.951,52.95,80.185,80.185,46.98,7.926,19.916,37.719,10.452,19.225,30.914,13.509,26.189,33.322
"PR__COMW.040_08479","COMW16_20","COMW","Commonweal","Rural","Y2020",23,"FFCZ4000",14.256,58.671,57.671,84.906,84.906,89.22,17.9,23.898,61.408,18.08,21.96,49.426,18.624,22.608,52.693
"PR__COMW.040_09567","COMW16_20","COMW","Commonweal","Rural","Y2020",23,"FFCZ4000",14.716,53.643,52.643,79.877,79.877,47.425,6.438,16.942,28.909,6.888,14.663,23.953,11.707,20.877,26.788
"PR__COMW.040_11241","COMW16_20","COMW","Commonweal","Rural","Y2020",23,"FFCZ4000",14.703,56.55,55.55,82.785,82.785,66.384,10.37,26.706,58.828,15.679,26.066,45.918,17.002,31.244,55.919
"PR__COMW.040_12096","COMW16_20","COMW","Commonweal","Rural","Y2020",23,"FFCZ4000",14.714,59.899,58.899,86.133,86.133,97.479,12.867,28.515,47.182,16.38,27.5,56.443,17.301,27.894,49.438
"PR__COMW.040_13055","COMW16_20","COMW","Commonweal","Rural","Y2020",23,"FFCZ4000",15.072,57.29,56.289,83.524,83.524,69.273,9.092,23.239,30.589,10.746,21.788,31.982,15.892,25.861,32.913
"PR__COMW.041_00999","COMW16_20","COMW","Commonweal","Rural","Y2020",19,"FFCZ4000",14.737,61.233,60.232,85.808,85.808,93.651,15.918,31.541,56.554,17.495,26.308,46.883,17.364,33.913,48.346
"PR__COMW.046_05512","COMW19_20","COMW","Commonweal","Rural","Y2020",14,"FFCZ4000",31.211,56.604,55.588,78.511,78.511,6.067,0.789,2.571,4.306,0.674,1.909,3.672,1.573,2.998,4.034
"PR__COMW.046_10414","COMW19_20","COMW","Commonweal","Rural","Y2020",14,"FFCZ4000",27.636,59.405,58.402,81.324,81.324,12.658,1.803,4.356,6.663,1.439,4.031,5.026,3.722,4.739,6.194
"PR__COMW.047_05200","COMW19_20","COMW","Commonweal","Rural","Y2020",20,"FFCZ4000",26.713,60.011,59.008,85.029,85.029,21.566,3.085,6.928,13.052,2.735,6.862,12.054,6.285,8.225,13.408
"PR__COMW.047_02592","COMW19_20","COMW","Commonweal","Rural","Y2020",20,"FFCZ4000",28.347,59.914,58.91,84.931,84.931,17.667,3.223,9.568,13.574,2.889,7.559,11.149,5.685,8.989,12.084
"PR__COMW.047_03848","COMW19_20","COMW","Commonweal","Rural","Y2020",20,"FFCZ4000",30.252,58.32,57.312,83.332,83.332,11.802,2.097,5.165,8.37,2.332,4.761,7.719,3.902,5.814,8.17
"PR__COMW.047_01178","COMW19_20","COMW","Commonweal","Rural","Y2020",20,"FFCZ4000",28.399,55.684,54.674,80.695,80.695,10.784,1.727,7.039,10.069,1.46,6.648,8.384,4.698,8.125,8.828
"PR__COMW.047_00001","COMW19_20","COMW","Commonweal","Rural","Y2020",20,"FFCZ4000",28.378,60.218,59.215,85.235,85.235,18.231,3.416,8.363,13.57,2.653,6.792,9.489,6.658,9.143,10.84
"PR__COMW.047_06596","COMW19_20","COMW","Commonweal","Rural","Y2020",20,"FFCZ4000",26.992,57.087,56.081,82.102,82.102,14.909,2.814,5.557,11.581,2.266,4.757,9.62,4.596,7.809,13.136
"PR__ABLA.007_00274","AB4_20","ABLA","Abbot","Rural","Y2020",16,"FFCZ5000",19.805,54.769,54.202,78.284,78.284,18.656,4.307,8.716,14.818,4.537,9.972,13.203,6.052,12.319,15.83
"PR__ABLA.008_00387","AB4_20","ABLA","Abbot","Rural","Y2020",16,"FFCZ4000",25.249,59.688,58.686,82.769,82.769,19.677,3.352,9.696,16.047,2.791,10.034,12.597,5.606,11.454,14.754
"PR__ABLA.014_00723","AB8_20","ABLA","Abbot","Rural","Y2020",9,"FFCZ5000",20.207,48.516,48.009,67.094,67.094,4.912,0.9,2.209,3.745,1.488,2.582,3.245,2.214,2.841,3.303
"PR__ABLA.014_01397","AB8_20","ABLA","Abbot","Rural","Y2020",9,"FFCZ5000",12.717,41.472,40.527,59.612,59.612,4.916,0.9,2.657,4.483,1.486,2.827,3.678,2.089,3.205,4.005
"PR__ABLA.019_00693","AB10_20","ABLA","Abbot","Rural","Y2020",6,"FFCZ4000",23.257,53.611,52.606,68.169,68.169,4.609,1.498,2.67,3.968,1.812,2.892,3.697,2.636,3.786,4.747
"PR__ABLA.021_00121","AB10_20","ABLA","Abbot","Rural","Y2020",10,"FFCZ4000",20.133,54.422,53.42,73.42,73.42,12.087,1.915,4.313,8.183,2.531,4.034,6.809,2.581,5.153,8.237
"PR__ABLA.026_00381","AB11_20","ABLA","Abbot","Rural","Y2020",18,"FFCZ5000",12.59,60.781,60.273,85.378,85.378,96.89,23.905,47.408,81.539,19.715,50.48,65.976,27.701,58.8,73.686
"PR__ABLA.026_01060","AB11_20","ABLA","Abbot","Rural","Y2020",18,"FFCZ5000",12.672,60.963,60.315,85.42,85.42,96.445,25.639,52.583,97.488,31.2,61.5,71.288,41.07,72.232,79.875
"PR__ABLA.026_01724","AB11_20","ABLA","Abbot","Rural","Y2020",18,"FFCZ5000",12.585,58.984,58.293,83.398,83.398,77.184,21.693,35.961,72.42,21.876,43.862,52.389,22.466,47.731,64.595
"PR__ABLA.026_02735","AB11_20","ABLA","Abbot","Rural","Y2020",18,"FFCZ4000",16.284,60.756,59.755,84.861,84.861,70.277,19.982,31.756,55.864,16.673,27.995,44.67,27.294,44.582,56.236
"PR__ABLA.026_03516","AB11_20","ABLA","Abbot","Rural","Y2020",18,"FFCZ5000",20.244,58.394,57.893,82.999,82.999,30.523,10.531,19.866,26.27,11.152,18.696,22.96,11.708,22.048,25.437
"PR__ABLA.026_04521","AB11_20","ABLA","Abbot","Rural","Y2020",18,"FFCZ5000",20.57,59.75,59.249,84.355,84.355,34.366,16.21,25.85,35.981,19.106,24.461,28.675,16.778,26.502,29.422
"PR__ABLA.026_05154","AB11_20","ABLA","Abbot","Rural","Y2020",18,"FFCZ5000",13.486,57.947,57.447,82.552,82.552,63.122,17.243,33.495,49.691,17.334,32.261,40.215,18.423,35.368,44.24
"PR__ABLA.026_05889","AB11_20","ABLA","Abbot","Rural","Y2020",18,"FFCZ4000",16.259,59.262,58.261,83.367,83.367,59.342,16.952,32.974,50.293,18.564,29.436,36.464,24.004,34.855,41.56
"PR__ABLA.026_06586","AB11_20","ABLA","Abbot","Rural","Y2020",18,"FFCZ4000",16.144,57.602,56.602,81.707,81.707,49.672,13.705,25.362,43.52,13.142,20.461,31.125,20.013,31.125,33.901
"PR__ABLA.026_07402","AB11_20","ABLA","Abbot","Rural","Y2020",18,"FFCZ4000",17.609,55.905,54.904,80.01,80.01,34.515,8.685,17.047,30.233,9.04,17.318,24.527,9.985,23.937,27.641
"PR__ABLA.027_01382","AB_KGO_S","ABLA","Abbot","Rural","Y2020",5,"FFCZ4000",22.259,66.583,65.583,79.562,79.562,19.192,3.611,7.295,16.046,4.613,9.516,11.832,4.863,10.208,13.565
"PR__ABLA.027_02949","AB_KGO_S","ABLA","Abbot","Rural","Y2020",5,"FFCZ4000",15.774,70.501,69.501,83.48,83.48,63.571,16.138,33.932,55.759,12.556,35.985,41.866,21.322,40.08,49.319
"PR__ABLA.027_02280","AB_KGO_S","ABLA","Abbot","Rural","Y2020",5,"FFCZ5000",17.046,68.949,68.449,82.429,82.429,41.308,9.122,18.802,37.967,8.249,19.56,28.289,11.218,25.731,32.261
"PR__ABLA.027_03705","AB_KGO_S","ABLA","Abbot","Rural","Y2020",5,"FFCZ4000",19.78,72.191,71.191,85.17,85.17,48.692,7.837,16.116,30.544,8.441,16.381,20.897,8.575,17.823,23.713
"PR__ABLA.027_04578","AB_KGO_S","ABLA","Abbot","Rural","Y2020",5,"FFCZ4000",19.824,67.154,66.154,80.134,80.134,27.131,6.85,14.257,24.681,6.137,12.891,16.527,6.642,14.169,19.11
"PR__ABLA.027_00739","AB_KGO_S","ABLA","Abbot","Rural","Y2020",5,"FFCZ4000",17.927,60.929,59.928,73.908,73.908,16.482,5.746,10.402,15.48,7.307,9.419,11.214,9.974,11.143,12.11
"PR__ABLA.034_01566","AB15_20","ABLA","Abbot","Rural","Y2020",5,"FFCZ4000",12.793,56.418,55.418,69.397,69.397,17.708,2.384,4.567,9.801,3.113,4.256,7.151,4.383,9.687,14.258
"PR__ABLA.041_00131","AB18_20","ABLA","Abbot","Rural","Y2020",9,"FFCZ4000",19.366,54.81,53.809,72.894,72.894,12.427,2.027,3.27,7.379,2.41,3.697,6.407,2.599,4.949,7.386
"PR__ABLA.041_01081","AB18_20","ABLA","Abbot","Rural","Y2020",9,"FFCZ4000",13.441,53.262,52.262,71.347,71.347,20.571,5.711,10.606,18.666,6.574,9.539,15.495,8.946,10.975,16.97
"PR__ABLA.041_02158","AB18_20","ABLA","Abbot","Rural","Y2020",9,"FFCZ5000",15.721,53.556,53.055,72.14,72.14,14.717,3.331,5.752,12.512,3.479,5.2,11.448,4.869,6.674,14.225
"PR__ABLA.041_03235","AB18_20","ABLA","Abbot","Rural","Y2020",9,"FFCZ4000",12.201,54.261,53.261,72.346,72.346,26.62,5.426,10.609,18.879,5.313,12.39,15.432,9.242,13.799,16.633
"PR__ABLA.041_04327","AB18_20","ABLA","Abbot","Rural","Y2020",9,"FFCZ5000",18.97,55.29,54.789,73.873,73.873,12.36,2.424,4.52,10.216,2.794,3.669,8.35,3.866,6.486,9.13
"PR__ABLA.041_05430","AB18_20","ABLA","Abbot","Rural","Y2020",9,"FFCZ4000",12.093,53.09,52.09,71.175,71.175,23.554,5.57,10.258,17.674,5.584,11.098,14.121,6.875,14.381,16.039
"PR__ABLA.043_00657","AB19_20","ABLA","Abbot","Rural","Y2020",7,"FFCZ4000",12.437,56.039,55.039,71.941,71.941,24.726,6.245,9.392,14.48,7.456,10.109,16.157,7.846,12.753,20.384
"PR__ABLA.043_01642","AB19_20","ABLA","Abbot","Rural","Y2020",7,"FFCZ4000",12.568,58.868,57.867,74.769,74.769,33.73,6.173,12.039,20.666,7.121,12.296,22.929,8.272,16.285,25.698
"PR__ABLA.043_02633","AB19_20","ABLA","Abbot","Rural","Y2020",7,"FFCZ4000",12.069,56.015,55.015,71.917,71.917,25.725,5.274,9.236,16.558,5.874,9.778,15.286,7.905,15.416,22.028
"PR__ABLA.043_03444","AB19_20","ABLA","Abbot","Rural","Y2020",7,"FFCZ4000",15.081,57.732,56.731,73.633,73.633,22.16,5.172,9.066,12.633,6.818,8.769,12.754,8.628,11.97,17.736
