"song.id","bird.id","distance","bg.OBCZ2000","bg.OBCZ2500","bg.OBCZ3150","bg.OBCZ4000","bg.OBCZ5000","bg.OBCZ6300","bg.OBCZ8000","ambient.LAeq","SENEL.total","SEL.LZeq","song.bands.OBCZ2000","song.bands.OBCZ2500","song.bands.OBCZ3150","song.bands.OBCZ4000","song.bands.OBCZ5000","song.bands.OBCZ6300","song.bands.OBCZ8000","location","year"
"PR__ABLA.005_01950","AB3_20",8,18.746,17.434,15.482,13.529,11.646,6.388,7.569,40.093,54.572,71.707,22.974,26.218,52.49,68.54,61.559,47.939,28.096,"ABLA","Y2020"
"PR__ABLA.005_02750","AB3_20",8,29.04,27.367,25.158,28.96,26.496,9.884,8.318,45.373,56.138,73.358,-43.138,-43.238,52.119,69.32,67.36,54.518,31.178,"ABLA","Y2020"
"PR__ABLA.005_03750","AB3_20",8,25.935,19.309,18.571,16.699,13.049,6.879,7.978,47.027,48.542,65.754,-43.138,-43.238,50.416,61.349,58.918,49.874,18.167,"ABLA","Y2020"
"PR__ABLA.005_04700","AB3_20",8,24.702,23.823,20.929,18.452,16.008,7.624,7.906,42.094,57.978,75.219,-43.138,-43.238,54.535,70.921,68.161,57.768,31.14,"ABLA","Y2020"
"PR__ABLA.005_05550","AB3_20",8,14.785,12.699,14.794,20.516,18.316,9.262,8.393,48.459,60.774,78.061,-43.138,-43.238,57.458,73.148,71.796,61.181,34.237,"ABLA","Y2020"
"PR__ABLA.010_00650","AB5_20",14,30.115,22.944,23.041,22.073,19.11,9.068,8.787,NA,53.679,75.803,-38.277,40.735,51.205,68.747,69.643,56.478,32.783,"ABLA","Y2020"
"PR__ABLA.010_01950","AB5_20",14,19.764,17.509,19.811,21.03,18.15,12.216,15.548,37.827,57.092,79.299,37.119,40.66,55.721,72.248,73.559,60.187,-35.977,"ABLA","Y2020"
"PR__ABLA.010_03250","AB5_20",14,18.572,16.502,16.502,17.515,17.295,9.656,17.584,36.489,56.969,79.127,-38.277,40.192,54.586,72.93,72.027,61.125,-35.977,"ABLA","Y2020"
"PR__ABLA.010_04250","AB5_20",14,27.156,26.965,24.87,23.407,20.237,10.015,8.615,47.816,57.462,79.622,-38.277,-38.377,55.406,72.836,73.177,61.206,31.42,"ABLA","Y2020"
"PR__ABLA.016_04100","AB9_20",9,17.425,16.088,15.794,17.017,18.312,7.789,8.274,35.122,50.653,68.803,30.054,31.469,42.131,66.028,59.12,43.803,25.945,"ABLA","Y2020"
"PR__ABLA.016_04750","AB9_20",9,17.425,16.088,15.794,17.017,18.312,7.789,8.274,41.687,50.403,68.567,-42.115,-42.215,48.173,65.615,59.379,45.116,25.191,"ABLA","Y2020"
"PR__ABLA.016_05600","AB9_20",9,17.425,16.088,15.794,17.017,18.312,7.789,8.274,41.401,51.537,69.777,-42.115,-42.215,46.356,65.816,62.88,48.025,25.917,"ABLA","Y2020"
"PR__ABLA.016_06350","AB9_20",9,17.425,16.088,15.794,17.017,18.312,7.789,8.274,42.404,51.2,69.387,-42.115,-42.215,47.085,66.417,61.147,47.263,29.4,"ABLA","Y2020"
"PR__ABLA.016_06900","AB9_20",9,17.425,16.088,15.794,17.017,18.312,7.789,8.274,42.124,55.776,74.036,-42.115,-42.215,53.126,69.181,66.829,52.258,31.851,"ABLA","Y2020"
"PR__ABLA.016_08750","AB9_20",9,17.425,16.088,15.794,17.017,18.312,7.789,8.274,39.633,54.549,72.766,-42.115,-42.215,46.793,69.745,65.469,51.035,28.866,"ABLA","Y2020"
"PR__ABLA.016_11100","AB9_20",9,17.339,21.49,24.542,20.414,18.996,9.161,9.3,40.694,54.517,72.72,-42.115,-42.215,50.384,68.725,64.503,50.911,31.814,"ABLA","Y2020"
"PR__ABLA.016_12100","AB9_20",9,17.339,21.49,24.542,20.414,18.996,9.161,9.3,37.665,54.284,72.513,-42.115,-42.215,48.491,68.451,65.092,52.764,32.276,"ABLA","Y2020"
"PR__ABLA.048_00750","COMW10_20",20,20.572,17.037,15.179,14.616,12.781,12.362,9.793,NA,53.607,78.691,47.653,49.559,65.439,73.936,67.671,58.004,41.657,"COMW","Y2020"
"PR__ABLA.048_01850","COMW10_20",20,22.538,21.952,20.789,21.106,23.088,26.552,24.697,45.29,53.452,78.481,37.977,38.029,60.333,73.873,66.997,51.764,-32.879,"COMW","Y2020"
"PR__ABLA.048_03300","COMW10_20",20,20.572,17.037,15.179,14.616,12.781,12.362,9.793,38.004,54.026,79.113,-35.179,49.767,64.974,74.365,67.554,59.001,39.699,"COMW","Y2020"
"PR__ABLA.048_04500","COMW10_20",20,20.572,17.037,15.179,14.616,12.781,12.362,9.793,39.221,55.462,80.636,-35.179,55.013,65.393,75.16,72.327,61.59,41.419,"COMW","Y2020"
"PR__ABLA.048_05800","COMW10_20",20,20.572,17.037,15.179,14.616,12.781,12.362,9.793,37.318,53.629,78.727,-35.179,45.661,61.175,74.325,67.574,58.499,40.725,"COMW","Y2020"
"PR__COMW.004_06000","COMW4_20",8,28.828,26.384,24.12,24.173,23.508,21.078,21.579,45.082,65.021,82.192,42.247,46.844,69.287,76.947,73.297,59.911,31.993,"COMW","Y2020"
"PR__COMW.004_07650","COMW4_20",8,28.828,26.384,24.12,24.173,23.508,21.078,21.579,44.029,65.782,82.924,38.066,47.446,69.87,78.076,72.839,60.201,35.064,"COMW","Y2020"
"PR__COMW.004_09250","COMW4_20",8,27.969,24.745,21.215,17.8,15.873,9.7,9.436,43.106,66.661,83.822,37.129,48.766,72.851,78.001,74.754,61.307,39.641,"COMW","Y2020"
"PR__COMW.004_10600","COMW4_20",8,27.969,24.745,21.215,17.8,15.873,9.7,9.436,42.994,65.632,82.823,-43.138,46.021,69.608,77.307,74.363,59.724,39.496,"COMW","Y2020"
"PR__COMW.004_12350","COMW4_20",8,27.969,24.745,21.215,17.8,15.873,9.7,9.436,42.259,67.565,84.721,-43.138,49.213,72.414,79.485,75.263,61.089,39.229,"COMW","Y2020"
"PR__COMW.004_14150","COMW4_20",8,27.969,24.745,21.215,17.8,15.873,9.7,9.436,42.063,65.748,82.937,-43.138,46.034,66.937,77.931,74.044,60.702,39.759,"COMW","Y2020"
"PR__COMW.004_15650","COMW4_20",8,28.828,26.384,24.12,24.173,23.508,21.078,21.579,41.988,67.452,84.614,-43.138,45.556,73.254,78.951,75.652,61.155,36.772,"COMW","Y2020"
"PR__COMW.004_17550","COMW4_20",8,28.828,26.384,24.12,24.173,23.508,21.078,21.579,43.738,66.97,84.162,-43.138,48.39,71.285,78.54,75.752,62.002,38.789,"COMW","Y2020"
"PR__COMW.004_19150","COMW4_20",8,28.828,26.384,24.12,24.173,23.508,21.078,21.579,43.308,65.749,82.92,-43.138,46.656,71.662,77.045,74.289,60.352,-40.838,"COMW","Y2020"
"PR__COMW.007_01250","COMW5_20",9,28.946,26.503,23.44,20.952,17.181,9.915,6.684,43.346,56.17,74.279,44.124,45.144,64.017,68.699,63.983,54.123,32.719,"COMW","Y2020"
"PR__COMW.007_03350","COMW5_20",9,28.946,26.503,23.44,20.952,17.181,9.915,6.684,43.138,54.794,72.918,-42.115,44.109,62.798,66.926,62.56,56.877,33.495,"COMW","Y2020"
"PR__COMW.007_04700","COMW5_20",9,28.946,26.503,23.44,20.952,17.181,9.915,6.684,42.749,56.541,74.647,-42.115,43.64,60.434,70.273,62.904,51.832,27.798,"COMW","Y2020"
"PR__COMW.007_06750","COMW5_20",9,28.946,26.503,23.44,20.952,17.181,9.915,6.684,42.804,58.663,76.777,-42.115,48.132,64.182,72.288,65.085,54.281,30.018,"COMW","Y2020"
"PR__COMW.007_08950","COMW5_20",9,28.946,26.503,23.44,20.952,17.181,9.915,6.684,45.008,55.751,73.888,41.066,47.426,63.354,67.95,64.867,53.592,31.406,"COMW","Y2020"
"PR__COMW.007_10900","COMW5_20",9,28.946,26.503,23.44,20.952,17.181,9.915,6.684,43.394,53.339,71.405,-42.115,-42.215,64.004,65.26,62.177,51.869,31.713,"COMW","Y2020"
"PR__COMW.015_00250","COMW9_20",13,28.299,26.215,24.247,23.478,20.813,10.747,9.329,NA,51.456,72.658,43.082,42.62,48.767,69.168,60.902,33.765,32.179,"COMW","Y2020"
"PR__COMW.015_01150","COMW9_20",13,28.299,26.215,24.247,23.478,20.813,10.747,9.329,44.873,54.893,76.152,-38.921,39.034,38.107,75.277,60.85,27.275,29.878,"COMW","Y2020"
"PR__COMW.015_01750","COMW9_20",13,28.299,26.215,24.247,23.478,20.813,10.747,9.329,46.537,50.532,71.738,-38.921,36.888,50.721,67.909,61.898,33.341,23.007,"COMW","Y2020"
"PR__COMW.015_02450","COMW9_20",13,28.299,26.215,24.247,23.478,20.813,10.747,9.329,44.397,56.473,77.8,43.153,43.341,53.762,74.083,67.894,39.451,30.868,"COMW","Y2020"
"PR__COMW.015_03300","COMW9_20",13,28.299,26.215,24.247,23.478,20.813,10.747,9.329,47.777,57.154,78.46,38.231,39.137,55.274,74.28,66.754,38.12,21.79,"COMW","Y2020"
"PR__COMW.015_04100","COMW9_20",13,28.299,26.215,24.247,23.478,20.813,10.747,9.329,48.556,55.423,76.681,42.835,41.099,52.205,73.084,62.656,33.016,23.237,"COMW","Y2020"
"PR__COMW.015_05000","COMW9_20",13,28.299,26.215,24.247,23.478,20.813,10.747,9.329,47.254,56.724,78.018,46.126,44.549,52.834,75.18,66.062,37.322,28.398,"COMW","Y2020"
"PR__COMW.015_05650","COMW9_20",13,28.299,26.215,24.247,23.478,20.813,10.747,9.329,48.07,55.489,76.807,40.303,39.2,54.124,72.755,66.83,40.316,27.613,"COMW","Y2020"
"PR__COMW.015_06450","COMW9_20",13,28.299,26.215,24.247,23.478,20.813,10.747,9.329,47.391,57.177,78.505,-38.921,-39.021,55.604,74.551,68.159,39.859,24.562,"COMW","Y2020"
"PR__COMW.015_07150","COMW9_20",13,28.299,26.215,24.247,23.478,20.813,10.747,9.329,48.329,52.819,74.112,-38.921,-39.021,51.535,69.781,64.552,38.872,17.902,"COMW","Y2020"
"PR__COMW.018_00650","COMW11_20",9,23.32,20.279,16.795,13.347,11.655,11.145,9.15,NA,57.485,75.637,37.802,32.882,64.286,71.216,65.676,54.483,33.183,"COMW","Y2020"
"PR__COMW.019_00350","COMW11_20",14,26.281,23.3,19.766,16.824,16.554,14.312,10.936,NA,57.483,79.491,24.253,36.981,70.259,73.648,70.946,60.33,41.937,"COMW","Y2020"
"PR__COMW.019_01350","COMW11_20",14,24.071,20.428,16.529,14.508,11.162,11.695,7.548,48.462,56.363,78.419,39.054,34.836,68.523,71.95,70.145,62.027,40.519,"COMW","Y2020"
"PR__COMW.019_02900","COMW11_20",14,26.281,23.3,19.766,16.824,16.554,14.312,10.936,48.266,57.428,79.535,34.155,41.648,66.974,73.337,70.987,65.631,42.303,"COMW","Y2020"
"PR__COMW.019_03800","COMW11_20",14,26.281,23.3,19.766,16.824,16.554,14.312,10.936,49.004,58.387,80.376,47.63,47.831,71.159,74.143,70.794,61.018,41.669,"COMW","Y2020"
"PR__COMW.019_05500","COMW11_20",14,26.281,23.3,19.766,16.824,16.554,14.312,10.936,50.232,58.763,80.84,27.445,41.894,69.976,73.786,72.625,63.896,43.48,"COMW","Y2020"
"SF__BE__.050_00150","FS4_20",5,37.175,34.819,33.755,34.825,24.534,15.982,20.51,NA,62.207,75.181,-47.221,-47.321,55.71,71.394,63.632,42.326,36.046,"FWSC","Y2020"
"SF__BE__.050_02350","FS4_20",5,26.94,24.414,25.001,27.904,16.745,7.362,13.826,51.257,60.497,73.534,52.259,44.805,54.166,70.542,63.615,40.352,35.016,"FWSC","Y2020"
"SF__BE__.050_03350","FS4_20",5,37.175,34.819,33.755,34.825,24.534,15.982,20.51,51.222,62.65,75.585,46.049,-47.321,55.632,71.257,62.915,36.852,37.311,"FWSC","Y2020"
"SF__BE__.100_00350","FS12_20",6,26.689,33.139,33.259,31.195,26.454,9.869,39.686,NA,55.147,69.81,36.859,-45.737,-45.637,63.69,64.729,34.463,-43.337,"FWSC","Y2020"
"SF__BE__.100_01650","FS12_20",6,26.689,33.139,33.259,31.195,26.454,9.869,39.686,43.994,54.292,68.88,-45.637,-45.737,-45.637,63.554,62.547,34.307,-43.337,"FWSC","Y2020"
"SF__BE__.100_02650","FS12_20",6,24.077,29.664,30.77,31.45,26.474,9.961,36.081,46.204,57.362,72.086,-45.637,-45.737,47.462,65.49,65.861,38.929,53.772,"FWSC","Y2020"
"SF__BE__.100_04050","FS12_20",6,26.689,33.139,33.259,31.195,26.454,9.869,39.686,41.025,62.883,77.585,-45.637,-45.737,49.64,72.312,69.797,39.414,58.03,"FWSC","Y2020"
"SF__BE__.027_00200","BW3_20",3,22.118,20.14,20.48,28.256,23.789,26.893,14.624,NA,62.056,70.808,-51.658,21.085,48.713,65.444,64.684,44.258,33.034,"BATW","Y2020"
"SF__BE__.027_01600","BW3_20",3,22.118,20.14,20.48,28.256,23.789,26.893,14.624,37.893,61.297,69.99,23.051,32.128,44.355,66.451,63.383,43.821,32.544,"BATW","Y2020"
"SF__BE__.027_02850","BW3_20",3,22.118,20.14,20.48,28.256,23.789,26.893,14.624,41.537,61.105,69.831,-51.658,30.932,42.988,65.644,63.901,42.786,33.984,"BATW","Y2020"
"SF__BE__.027_03550","BW3_20",3,22.118,20.14,20.48,28.256,23.789,26.893,14.624,51.612,60.99,69.7,-51.658,-51.758,46.614,65.053,62.84,40.999,31.678,"BATW","Y2020"
"SF__BE__.027_04300","BW3_20",3,22.118,20.14,20.48,28.256,23.789,26.893,14.624,51.397,62.775,71.441,22.345,26.149,48.227,66.979,62.725,45.556,34.869,"BATW","Y2020"
"SF__BE__.026_00900","BW3_20",3,23.23,21.103,18.932,17.082,17.883,9.794,7.401,NA,57.827,66.517,32.702,27.171,44.867,63.133,59.835,42.157,32.837,"BATW","Y2020"
"SF__BE__.026_01600","BW3_20",3,23.23,21.103,18.932,17.082,17.883,9.794,7.401,49.833,57.889,66.578,28.041,23.212,44.844,63.089,59.773,40.944,33.838,"BATW","Y2020"
"SF__BE__.026_02200","BW3_20",3,23.23,21.103,18.932,17.082,17.883,9.794,7.401,49.665,56.53,65.254,25.717,23.319,46.49,61.658,59.904,40.957,31.14,"BATW","Y2020"
"SF__BE__.026_03000","BW3_20",3,23.23,21.103,18.932,17.082,17.883,9.794,7.401,48.346,58.772,67.51,30.042,29.268,45.529,62.842,61.378,42.487,34.237,"BATW","Y2020"
"SF__BE__.026_04100","BW3_20",3,23.23,21.103,18.932,17.082,17.883,9.794,7.401,47.89,61.931,70.64,-51.658,-51.758,46.848,66.341,63.261,50.252,36.822,"BATW","Y2020"
"SF__BE__.026_04900","BW3_20",3,23.23,21.103,18.932,17.082,17.883,9.794,7.401,52.259,60.612,69.35,24.992,-51.758,46.848,64.756,62.891,48.803,36.384,"BATW","Y2020"
"SF__BE__.030_01700","BW4A_20",7,21.157,18.652,16.07,15.412,18.28,7.934,6.784,36.716,48.108,64.264,28.004,26.324,43.817,57.34,59.59,43.298,30.754,"BATW","Y2020"
"SF__BE__.030_07300","BW4A_20",7,24.54,23.445,20.093,17.595,19.082,8.64,8.925,36.833,48.85,64.88,-44.298,26.202,44.739,59.475,58.869,43.232,29.41,"BATW","Y2020"
"SF__BE__.032_04700","BW5_20",7,19.481,15.937,14.791,14.521,15.001,9.877,12.681,40.219,54.878,70.993,-44.298,-44.398,52.241,63.97,63.708,42.248,27.435,"BATW","Y2020"
"SF__BE__.056_00000","BW8_20",5,23.082,22.69,21.873,22.804,13.39,11.958,27.65,NA,69.644,82.723,33.132,-47.321,58.901,78.62,73.013,46.29,-44.921,"BATW","Y2020"
"SF__BE__.056_00550","BW8_20",5,23.082,22.69,21.873,22.804,13.39,11.958,27.65,NA,65.578,78.643,29.943,27.11,53.478,75.069,68.69,41.527,-44.921,"BATW","Y2020"
"SF__BE__.056_01200","BW8_20",5,23.806,23.033,25.232,29.824,15.679,18.441,32.377,55.621,69.977,83.031,30.201,24.176,61.149,78.827,71.86,47.205,-44.921,"BATW","Y2020"
"SF__BE__.022_00940","BW2_20",14,26.344,25.4,24.28,22.723,18.781,9.844,11.173,NA,51.875,73.838,34.199,-38.377,56.531,69.084,65.381,49.384,39.025,"BATW","Y2020"
"SF__BE__.022_01450","BW2_20",14,26.344,25.4,24.28,22.723,18.781,9.844,11.173,47.197,52.493,74.495,41.979,40.809,54.003,69.513,66.801,47.936,39.22,"BATW","Y2020"
"SF__BE__.022_04200","BW2_20",14,28.999,28.204,28.544,26.516,21.337,12.011,12.385,49.813,57.219,79.226,33.438,-38.377,60.201,74.467,71.027,51.415,41.591,"BATW","Y2020"
"SF__BE__.055_00220","BW8_20",13,27.518,24.881,23.712,25.586,16.206,13.293,22.45,NA,56.825,78.144,39.697,37.479,56.099,74.271,67.353,42.433,-36.621,"BATW","Y2020"
"SF__LD__.008_00570","LD3_20",13,16.544,16.162,23.396,31.448,24.175,22.551,18.836,NA,46.934,68.26,-38.921,-39.021,49.292,65.355,65.917,43.22,-36.621,"LODU","Y2020"
"SF__LD__.008_02070","LD3_20",13,16.544,16.162,23.396,31.448,24.175,22.551,18.836,36.622,53.158,74.636,30.067,-39.021,49.141,66.425,69.065,53.381,-36.621,"LODU","Y2020"
"SF__LD__.008_03270","LD3_20",13,16.159,16.365,24.525,30.413,23.019,19.416,19.834,35.079,52.184,73.726,27.563,28.086,48.068,64.108,69.232,53.271,-36.621,"LODU","Y2020"
"SF__LD__.008_04590","LD3_20",13,16.159,16.365,24.525,30.413,23.019,19.416,19.834,34.638,52.015,73.528,38.554,37.442,46.428,64.669,68.713,53.126,-36.621,"LODU","Y2020"
"SF__LD__.008_05750","LD3_20",13,16.159,16.365,24.525,30.413,23.019,19.416,19.834,36.749,52.356,73.833,28.06,-39.021,45.193,66.313,68.456,52.774,-36.621,"LODU","Y2020"
"SF__LD__.008_07100","LD3_20",13,16.544,16.162,23.396,31.448,24.175,22.551,18.836,35.453,55.234,76.859,-38.921,-39.021,50.078,65.364,72.618,53.788,-36.621,"LODU","Y2020"
"SF__LD__.008_08350","LD3_20",13,16.544,16.162,23.396,31.448,24.175,22.551,18.836,34.52,51.786,73.263,-38.921,-39.021,47.899,65.005,68.558,52.912,-36.621,"LODU","Y2020"
"SF__LD__.008_09650","LD3_20",13,16.544,16.162,23.396,31.448,24.175,22.551,18.836,33.772,48.592,69.952,-38.921,-39.021,-38.921,59.989,65.88,48.752,-36.621,"LODU","Y2020"
"831_Data.127_21910","COMW_Ubfence_15",7.5,33.965,32.275,32.827,33.696,34.12,33.697,34.684,37.802,61.695,79.095,-42.499,45.814,65.872,73.92,68.106,54.357,-42.499,"COMW","Y2015"
"831_Data.134_01620","COMW_UBA_15",21,30.586,31.524,33.498,33.199,34.249,33.589,34.195,48.122,55.856,81.944,37.82,55.597,63.498,77.076,73.026,59.154,-33.556,"COMW","Y2015"
"831_Data.134_03680","COMW_UBA_15",21,30.586,31.524,33.498,33.199,34.249,33.589,34.195,42.843,55.284,81.259,-33.556,54.586,59.947,75.89,71.714,58.693,35.392,"COMW","Y2015"
"831_Data.134_13810","COMW_UBA_15",21,30.524,31.471,32.29,32.868,34.161,33.556,34.205,31.34,55.424,81.477,-33.556,55.291,64.613,75.938,73.225,55.644,38.962,"COMW","Y2015"
"831_Data.136_02550","COMW_UBB_15",19,30.82,31.749,32.416,33.22,33.621,33.736,34.274,49.846,58.971,84.383,-34.425,46.456,62.928,80.785,69.293,54.952,33.873,"COMW","Y2015"
"831_Data.137_07770","COMW_UBB_15",12.5,30.838,31.569,32.295,32.869,33.962,33.445,34.129,47.248,62.902,84.783,-38.062,-38.062,63.569,81.632,70.013,56.153,34.329,"COMW","Y2015"
"831_Data.138_17160","COMW_UBA_15",6,30.771,31.521,32.248,32.907,33.528,33.746,34.248,47.351,58.229,73.596,-44.437,50.027,56.013,68.963,62.939,47.777,-44.437,"COMW","Y2015"
"831_Data.139_01070","COMW_UB1_15",20,30.749,31.584,32.385,32.964,34.076,33.592,34.171,NA,53.258,78.896,-33.979,43.849,49.676,77.268,67.886,48.939,39.601,"COMW","Y2015"
"831_Data.139_05040","COMW_UB1_15",20,30.749,31.584,32.385,32.964,34.076,33.592,34.171,31.111,55.565,81.205,-33.979,-33.979,54.689,77.393,66.791,47.086,-33.979,"COMW","Y2015"
"831_Data.140_01540","COMW_UB2_15",21,30.679,31.648,32.423,33.735,33.935,33.77,34.188,51.268,59.857,86.18,39.213,-33.556,69.836,82.973,70.021,56.069,37.887,"COMW","Y2015"
"831_Data.140_02590","COMW_UB2_15",21,30.679,31.648,32.423,33.735,33.935,33.77,34.188,50.282,56.691,82.894,-33.556,-33.556,70.25,79.188,71.445,58.419,-33.556,"COMW","Y2015"
"831_Data.145_04950","AB_side_of_road_15",14,30.982,31.68,32.301,33.149,33.971,33.785,34.222,43.702,60.203,83.008,43.367,50.672,74.262,78.125,68.988,53.693,45.179,"ABLA","Y2015"
"831_Data.149_08170","AB_BR_KS",10,31.331,32.109,32.556,33.166,33.47,33.82,34.33,43.887,59.577,79.419,-40,39.272,68.36,69.301,73.365,59.781,39.729,"ABLA","Y2015"
"831_Data.150_11930","AB_GOO_S",13,30.782,31.609,32.285,32.883,33.407,33.912,34.32,42.97,58.94,81.074,-37.721,41.131,63.954,75.277,74.48,64.972,-37.721,"ABLA","Y2015"
"831_Data.151_10650","AB_KK_BS",11,30.669,31.533,32.407,33.006,33.799,33.931,34.27,31.265,59.145,79.831,37.761,46.277,73.115,72.019,71.45,52.413,45.876,"ABLA","Y2015"
"831_Data.151_15480","AB_KK_BS",11,30.669,31.533,32.407,33.006,33.799,33.931,34.27,41.96,59.408,80.132,-39.172,32.808,74.508,73.123,72.956,52.671,44.391,"ABLA","Y2015"
"831_Data.155_01380","AB_GOO_S",11.5,30.866,31.656,32.43,33.024,33.472,33.791,34.372,40.664,56.959,77.926,-38.786,43.894,61.514,71.098,72.01,59.079,-38.786,"ABLA","Y2015"
"831_Data.161_01990","AB_GGW_S",14,30.81,31.686,32.253,33.462,33.692,33.796,34.326,39.891,55.605,78.18,-37.077,38.038,60.569,72.64,70.417,63.692,44.503,"ABLA","Y2015"
"831_Data.161_03080","AB_GGW_S",14,30.81,31.686,32.253,33.462,33.692,33.796,34.326,45.979,57.227,79.913,23.197,-37.077,62.547,74.578,71.784,65.347,39.679,"ABLA","Y2015"
"831_Data.161_13240","AB_GGW_S",10,30.619,31.486,32.417,33.138,33.954,33.797,34.242,43.049,60.312,80.192,36.43,29.331,58.568,75.477,70.429,64.33,33.642,"ABLA","Y2015"
"831_Data.164_28710","AB_RYR_S",12,30.743,31.434,32.412,33.249,33.913,33.878,34.315,46.108,59.694,81.125,37.144,53.584,65.731,74.716,73.313,61.135,-38.416,"ABLA","Y2015"
"831_Data.166_02260","AB_GOO_S",16,30.588,31.633,32.785,33.594,33.872,33.782,34.302,50.88,59.397,83.319,41.968,48.276,66.365,77.532,74.957,67.179,38.149,"ABLA","Y2015"
"831_Data.166_05070","AB_GOO_S",16,30.588,31.633,32.785,33.594,33.872,33.782,34.302,50.08,59.179,83.124,39.043,38.834,64.627,78.801,74.992,65.678,31.199,"ABLA","Y2015"
"831_Data.170_08740","AB_GOO_S",16.5,31.863,31.983,32.725,33.753,34.91,33.976,34.206,38.131,56.858,80.926,-35.65,43.664,65.181,75.148,73.547,65.059,36.96,"ABLA","Y2015"
"831_Data.170_16460","AB_GOO_S",16.5,30.72,31.613,32.427,33.215,34.419,33.687,34.283,44.014,56.007,80.019,40.552,-35.65,60.218,73.713,73.222,63.537,-35.65,"ABLA","Y2015"
"831_Data.170_17700","AB_GOO_S",16.5,30.72,31.613,32.427,33.215,34.419,33.687,34.283,42.994,57.346,81.452,-35.65,46.925,62.913,74.892,74.821,65.216,-35.65,"ABLA","Y2015"
"831_Data.170_20620","AB_GOO_S",16.5,30.72,31.613,32.427,33.215,34.419,33.687,34.283,38.592,56.822,80.908,-35.65,43.809,62.417,74.509,74.495,65.39,-35.65,"ABLA","Y2015"
"831_Data.185_00760","BABE_UBD_15",11.5,32.978,33.067,33.374,33.535,33.604,33.818,34.22,NA,57.202,78.216,44.087,42.398,70.34,74.631,66.199,50.891,41.454,"BABE","Y2015"
"831_Data.200_39430","LAEN_UBE_15",12.5,39.096,37.47,37.506,39.659,38.469,34.512,34.714,54.012,64.059,85.86,-38.062,54.803,75.393,80.601,76.312,53.261,-38.062,"LAEN","Y2015"
"831_Data.202_03340","LAEN_UBF_15",7,38.642,36.744,35.436,34.428,34.214,34.068,34.203,58.448,56.445,72.815,-43.098,-43.098,62.9,66.715,59.759,47.434,34.347,"LAEN","Y2015"
"831_Data.205_45460","LAEN_UBG_15",14.5,35.539,35.384,34.594,34.97,34.676,34.671,35.44,48.769,60.539,83.581,-36.773,48.665,71.491,76.741,75.643,60.508,-36.773,"LAEN","Y2015"
"831_Data.208_25880","LAEN_UBH_15",4,33.764,33.195,33.252,33.798,33.845,33.77,34.39,48.614,67.468,79.484,-47.959,36.482,69.58,72.663,72.246,48.441,39.097,"LAEN","Y2015"
"831_Data.214_86610","LAEN_UBI_15",8,32.626,32.653,33.027,33.74,34.142,33.719,34.244,42.584,63.202,81.195,35.546,-41.938,70.663,74.799,73.172,49.94,32.924,"LAEN","Y2015"
"PR__ABLA.031_00450","AB14_20",13,14.588,11.087,10.804,15.861,12.968,9.634,7.218,NA,63.684,85.185,31.842,44.306,62.958,78.876,77.643,65.67,38.892,"ABLA","Y2020"
"PR__ABLA.031_01900","AB14_20",13,14.588,11.087,10.804,15.861,12.968,9.634,7.218,35.79,62.873,84.353,26.582,44.003,62.01,78.797,76.985,63.757,36.314,"ABLA","Y2020"
"PR__ABLA.031_03450","AB14_20",13,14.588,11.087,10.804,15.861,12.968,9.634,7.218,35.613,61.976,83.488,32.207,44.56,63.728,77.468,76.445,66.003,35.541,"ABLA","Y2020"
"PR__ABLA.031_05000","AB14_20",13,14.588,11.087,10.804,15.861,12.968,9.634,7.218,36.898,61.97,83.46,-38.921,43.873,63.911,77.709,76.14,64.789,36.868,"ABLA","Y2020"
"PR__ABLA.031_06400","AB14_20",13,14.588,11.087,10.804,15.861,12.968,9.634,7.218,36.426,61.179,82.651,-38.921,43.391,62.087,76.739,74.382,63.813,35.465,"ABLA","Y2020"
"PR__ABLA.031_07750","AB14_20",13,14.588,11.087,10.804,15.861,12.968,9.634,7.218,36.146,61.734,83.251,-38.921,46.212,63.772,77.128,76.32,65.758,34.43,"ABLA","Y2020"
"PR__ABLA.031_09150","AB14_20",13,14.588,11.087,10.804,15.861,12.968,9.634,7.218,35.411,60.806,82.295,-38.921,44.297,62.44,76.066,74.062,64.773,34.348,"ABLA","Y2020"
"PR__ABLA.031_10050","AB14_20",13,14.588,11.087,10.804,15.861,12.968,9.634,7.218,36.248,61.137,82.643,23.672,42.542,61.661,76.039,74.57,65.065,34.517,"ABLA","Y2020"
"PR__ABLA.031_13900","AB14_20",13,16.906,14.327,15.989,16.663,18.265,17.83,15.019,38.276,61.958,83.496,-38.921,45.556,62.742,76.799,76.858,65.309,36.362,"ABLA","Y2020"
"PR__ABLA.045_00150","AB20_20",6,17.749,13.807,13.355,16.667,20.153,19.108,15.203,NA,59.101,74.015,20.586,31.336,52.568,65.769,67.289,60.421,-43.337,"ABLA","Y2020"
"PR__ABLA.045_01250","AB20_20",6,17.749,13.807,13.355,16.667,20.153,19.108,15.203,49.105,61.032,75.92,23.874,34.141,53.997,68.841,68.34,63.522,37.575,"ABLA","Y2020"
"PR__ABLA.045_02000","AB20_20",6,16.41,15.106,21.185,21.399,20.697,16.551,14.485,51.43,60.387,75.142,26.03,31.578,52.974,69.235,65.529,59.605,21.78,"ABLA","Y2020"
"PR__ABLA.045_03900","AB20_20",6,16.41,15.106,21.185,21.399,20.697,16.551,14.485,39.419,54.545,69.216,23.707,26.129,50.799,64.89,58.097,53.85,-43.337,"ABLA","Y2020"
"PR__ABLA.045_04950","AB20_20",6,15.514,12.927,16.755,16.269,15.01,14.045,10.826,43.204,59.208,73.901,-45.637,26.667,53.973,70.661,64.682,58.497,15.939,"ABLA","Y2020"
"PR__ABLA.045_05900","AB20_20",6,17.749,13.807,13.355,16.667,20.153,19.108,15.203,49.688,60.307,75.067,-45.637,-45.737,53.603,70.187,67.353,59.01,28.832,"ABLA","Y2020"
"PR__ABLA.045_06900","AB20_20",6,17.749,13.807,13.355,16.667,20.153,19.108,15.203,50.699,61.684,76.477,27.324,17.254,56.031,71.216,68.966,62.11,27.665,"ABLA","Y2020"
"PR__ABLA.045_07800","AB20_20",6,16.41,15.106,21.185,21.399,20.697,16.551,14.485,52.006,60.203,75.094,-45.637,-45.737,52.353,68.524,68.344,63.088,27.763,"ABLA","Y2020"
"PR__ABLA.045_08990","AB20_20",6,16.329,14.876,20.782,20.955,20.326,16.45,14.368,43.442,59.358,74.212,-45.637,-45.737,50.772,67.861,67.729,60.121,26.346,"ABLA","Y2020"
"PR__ABLA.045_10350","AB20_20",6,16.41,15.106,21.185,21.399,20.697,16.551,14.485,39.38,62.611,77.347,24.1,28.014,53.057,72.61,68.73,60.923,26.176,"ABLA","Y2020"
"PR__COMW.006_00590","COMW5_20",20,28.9,26.442,22.771,19.339,16.953,11.648,8.449,NA,50.367,75.245,45.925,41.913,62.717,71.257,60.866,53.58,25.538,"COMW","Y2020"
"PR__COMW.006_02450","COMW5_20",20,29.853,26.81,23.722,20.969,18.925,13.315,10.792,43.092,47.542,72.165,51.62,31.534,61.984,67.627,57.922,49.844,-32.879,"COMW","Y2020"
"SF__BE__.021_01000","BW2_20",12,36.711,36.028,34.4,33.145,29.935,20.668,19.651,50.54,47.893,66.815,-39.616,-39.716,-39.616,62.657,60.534,43.803,35.145,"BATW","Y2020"
"SF__BE__.039_01900","FS1_20",14,18.969,21.877,25.836,26.37,24.902,10.304,10.52,48.374,56.66,78.794,47.485,42.559,59.13,71.668,72.31,46.943,39.375,"FWSC","Y2020"
"SF__BE__.039_03050","FS1_20",14,18.969,21.877,25.836,26.37,24.902,10.304,10.52,41.687,55.096,77.177,-38.277,-38.377,61.347,70.436,70.101,45.417,37.465,"FWSC","Y2020"
"SF__BE__.044_00400","FS2_20",14,27.034,39.168,37.591,35.395,26.707,13.977,13.942,NA,64.484,86.556,-38.277,-38.377,70.042,81.47,80.041,44.975,37.596,"FWSC","Y2020"
"SF__BE__.044_02450","FS2_20",14,27.034,39.168,37.591,35.395,26.707,13.977,13.942,50.371,63.616,85.564,48.799,66.047,70.61,80.168,77.152,45.658,34.423,"FWSC","Y2020"
"SF__BE__.051_00450","FS4_20",7,34.491,32.216,30.276,32.452,22.913,12.317,15.135,NA,64.642,80.582,-44.298,-44.398,60.443,76.383,68.655,45.34,38.844,"FWSC","Y2020"
"SF__BE__.051_02150","FS4_20",7,34.491,32.216,30.276,32.452,22.913,12.317,15.135,51.368,62.553,78.511,-44.298,35.114,58.604,74.439,69.039,45.754,39.377,"FWSC","Y2020"
"SF__LD__.012_00700","LD5_20",17,12.236,11.913,14.003,13.565,15.884,11.41,9.352,NA,45.573,69.296,-36.591,39.813,57.693,63.667,62.287,36.449,-34.291,"LODU","Y2020"
"PR__LIMA.006_01540","LIMA5_20",11,25.797,24.642,23.456,22.791,24.652,17.628,18.465,47.068,54.51,74.521,-40.372,-40.472,59.04,67.808,68.43,48.549,38.409,"LIMA","Y2020"
"PR__LIMA.006_02219","LIMA5_20",11,31.347,31.255,30.907,30.05,31.749,24.195,24.22,47.632,54.75,74.567,43.331,45.465,58.936,68.565,68.726,48.546,-38.072,"LIMA","Y2020"
"PR__LIMA.009_00305","LIMA7_20",11,21.1,19.169,17.786,17.146,18.721,13.935,14.923,NA,59.165,79.162,-40.372,-40.472,62.473,73.633,71.221,58.962,38.945,"LIMA","Y2020"
"PR__LIMA.009_01367","LIMA7_20",11,21.368,19.444,18.1,17.428,18.83,13.958,15.022,49.289,58.817,78.838,23.227,24.155,58.872,73.072,71.383,57.894,36.704,"LIMA","Y2020"
"PR__LIMA.009_02439","LIMA7_20",11,20.632,18.732,17.416,16.694,18.292,13.414,13.43,49.009,58.057,78.132,-40.372,-40.472,57.887,71.464,71.769,56.644,32.898,"LIMA","Y2020"
"PR__LIMA.009_03633","LIMA7_20",11,20.152,18.682,17.083,15.92,17.315,12.223,12.148,38.944,57.976,78.093,-40.372,-40.472,59.949,71.197,73.062,57.965,34.546,"LIMA","Y2020"
"SF__BE__.087_01581","FS5_20",7,36.116,32.583,30.357,29.588,27.216,12.716,14.939,62.829,65.872,82.046,-44.298,40.089,60.838,73.643,76.097,45.12,35.006,"FWSC","Y2020"
"SF__BE__.091_01351","FS7_20",5,32.526,28.624,26.511,26.81,24.761,12.067,29.817,48.151,63.639,76.91,-47.221,33.497,57.972,68.313,71.376,43.483,-44.921,"FWSC","Y2020"
"SF__BE__.092_01071","FS7_20",5,34.944,32.665,30.812,27.874,22.809,7.576,12.093,46.917,60.925,73.982,-47.221,-47.321,57.606,68.37,65.45,41.692,27.265,"FWSC","Y2020"
"SF__BE__.018_07790","BW1_20",5,30.026,31.097,32.452,31.764,25.292,13.535,9.943,43.195,65.857,78.736,-47.221,54.736,72.076,70.221,63.506,37.807,34.984,"BATW","Y2020"
"SF__BE__.018_13101","BW1_20",5,31.805,30.251,30.578,30.673,23.93,31.932,36.715,43.363,64.998,77.861,-47.221,48.866,70.928,70.381,58.327,-45.921,-44.921,"BATW","Y2020"
"SF__BE__.019_01423","BW1_20",5,26.636,25.299,24.711,24.98,18.325,8.189,7.203,41.956,47.59,60.32,-47.221,27.497,41.698,55.99,49.25,29.815,28.151,"BATW","Y2020"
"SF__BE__.019_00305","BW1_20",5,29.129,27.296,25.924,25.025,19.4,9.97,9.676,NA,48.366,61.055,-47.221,-47.321,42.526,56.823,49.788,28.607,28.687,"BATW","Y2020"
"SF__BE__.025_01642","BW3_20",2,21.393,20.124,18.224,19.026,16.882,7.07,7.405,44.154,51.661,56.772,-55.179,-55.279,28.636,53.024,48.178,18.634,14.445,"BATW","Y2020"
"SF__BE__.025_01137","BW3_20",2,22.689,20.902,19.857,19.233,17.247,8.657,8.654,41.456,51.87,56.976,10.523,-55.279,30.345,53.278,48.598,22.834,15.071,"BATW","Y2020"
"SF__BE__.025_00667","BW3_20",2,22.791,20.969,19.958,19.142,17.203,8.696,8.677,NA,46.37,51.321,23.138,22.116,30.314,46.656,41.043,15.968,5.284,"BATW","Y2020"
"SF__BE__.025_00152","BW3_20",2,20.498,19.281,17.43,17.811,14.689,6.557,7.626,NA,45.123,50.065,29.28,20.513,21.181,47.726,34.898,9.854,11.868,"BATW","Y2020"
"SF__BE__.035_02194","BW6_20",5,31.147,28.498,27.419,26.676,19.504,14.383,11.614,50.5,55.193,68.193,-47.221,-47.321,52.306,63.438,59.234,42.356,30.248,"BATW","Y2020"
"SF__BE__.006_04598","BE2_20",5,40.908,36.833,32.845,28.825,31.24,29.329,23.477,55.482,52.086,64.08,42.048,42.355,43.45,54.921,61.14,42.073,31.578,"BATE","Y2020"
"SF__BE__.006_05956","BE2_20",5,39.449,36.624,33.63,29.026,30.715,29.27,24.661,57.158,51.432,63.702,-47.221,-47.321,38.8,53.218,61.54,39.424,-44.921,"BATE","Y2020"
"SF__BE__.006_05262","BE2_20",5,43.105,39.143,34.356,29.94,31.642,30.339,26.042,56.551,50.739,61.761,-47.221,-47.321,17.262,51.956,59.572,39.283,-44.921,"BATE","Y2020"
"SF__BE__.006_04036","BE2_20",5,40.855,36.752,32.775,28.791,31.157,29.301,23.471,54.876,53.923,66.606,43.475,-47.321,45.42,54.001,64.679,43.746,-44.921,"BATE","Y2020"
"SF__BE__.006_03010","BE2_20",5,38.463,35.02,31.09,27.054,29.021,26.607,20.614,58.925,51.303,63.582,53.692,49.711,46.59,55.372,59.002,43.73,37.332,"BATE","Y2020"
"SF__BE__.006_02183","BE2_20",5,38.463,35.02,31.09,27.054,29.021,26.607,20.614,62.424,52.437,64.904,56.849,52.018,47.976,52.02,60.469,42.852,39.968,"BATE","Y2020"
"SF__BE__.006_09470","BE2_20",5,42.25,38.7,34.78,30.522,32.746,31.458,26.804,56.411,56.521,69.345,46.879,40.888,47.94,58.046,67.346,46.36,29.81,"BATE","Y2020"
"SF__BE__.006_08827","BE2_20",5,38.463,35.02,31.09,27.054,29.021,26.607,20.614,57.44,54.961,67.957,52.938,48.221,48.059,57.084,65.216,47.177,38.564,"BATE","Y2020"
"SF__BE__.006_08056","BE2_20",5,41.585,39.029,35.081,32.38,34.333,32.229,28.119,60.506,53.694,65.917,45.309,-47.321,-47.221,53.535,63.925,43.408,-44.921,"BATE","Y2020"
"SF__BE__.007_00820","BE2_20",5,35.898,32.487,29.673,25.351,27.051,25.887,19.981,NA,62.022,75.364,-47.221,-47.321,51.357,64.442,71.51,50.709,34.309,"BATE","Y2020"
"SF__BE__.009_01106","BE2_20",5,47.408,42.964,39.397,35.368,39.292,38.803,36.203,61.676,61.471,73.923,49.844,51.464,53.897,62.467,69.757,55.955,-44.921,"BATE","Y2020"
"SF__BE__.009_00136","BE2_20",5,41.37,37.391,34.115,30.129,33.246,30.413,25.856,NA,62.074,75.14,64.452,61.236,57.947,61.4,70.245,56.352,47.487,"BATE","Y2020"
"SF__BE__.012_04526","BE_YS_GY",5,26.337,22.848,19.457,14.877,18.813,19.719,15.938,47.692,52.136,65.464,41.253,38.365,44.013,55.44,62.248,43.02,31.726,"BATE","Y2020"
"SF__BE__.012_03215","BE_YS_GY",5,31.141,26.513,22.635,16.535,19.487,20.383,16.822,46.673,47.401,60.497,-47.221,27.3,40.927,51.546,58.349,39.977,16.489,"BATE","Y2020"
"SF__BE__.015_00759","BE_BRIDGE_20",8,45.299,44.003,42.146,39.711,36.217,31.618,35.298,NA,56.935,72.403,51.869,-43.238,-43.138,63.854,69.396,38.748,-40.838,"BATE","Y2020"
"SF__BE__.015_04338","BE_BRIDGE_20",8,44.495,42.564,40.507,38.276,34.44,29.257,35.872,60.692,54.987,69.335,-43.138,-43.238,-43.138,62.791,64.283,41.738,41.918,"BATE","Y2020"
"SF__BE__.015_01795","BE_BRIDGE_20",8,44.774,43.522,41.334,39.066,35.803,31.041,35.125,59.272,54.288,68.476,-43.138,-43.238,51.113,62.66,64.858,48.141,30.913,"BATE","Y2020"
"SF__BE__.015_00769","BE_BRIDGE_20",8,45.693,43.864,41.352,39.206,37.061,31.687,34.82,NA,56.899,72.403,-43.138,-43.238,51.727,64.088,69.482,37.784,-40.838,"BATE","Y2020"
"SF__BE__.059_03521","BE4_20",9,47.146,43.965,41.772,41.431,26.833,19.113,22.283,60.476,66.19,84.009,-42.115,60.179,68.95,79.389,71.122,54.978,61.318,"BATE","Y2020"
"SF__BE__.059_02382","BE4_20",9,47.074,43.835,41.675,41.336,26.732,19.129,22.167,62.758,66.788,84.643,-42.115,48.273,69.058,79.881,72.776,50,-39.815,"BATE","Y2020"
"SF__BE__.059_01356","BE4_20",9,46.401,43.206,42.458,42.389,27.291,20.215,24.044,62.133,67.019,84.882,57.626,61.714,68.634,80.642,71.596,49.967,45.587,"BATE","Y2020"
"SF__BE__.059_00182","BE4_20",9,45.572,41.877,40.379,40.137,25.061,18.214,22.845,NA,66.032,83.891,60.052,58.408,67.175,79.053,70.561,48.336,-39.815,"BATE","Y2020"
"SF__BE__.061_04659","BE1_20",5,31.927,28.716,27.135,29.371,20.753,13.009,20.523,61.384,71.683,84.746,33.651,34.58,68.676,79.834,74.344,37.348,30.068,"BATE","Y2020"
"SF__BE__.061_03592","BE1_20",5,32.048,28.44,26.589,27.55,18.662,11.393,18,58.441,71.53,84.595,-47.221,-47.321,69.256,79.497,74.259,38.74,31.834,"BATE","Y2020"
"SF__BE__.061_02648","BE1_20",5,31.714,28.157,26.283,27.294,18.443,11.338,17.924,60.481,67.687,80.673,35.421,39.226,63.581,76.716,63.834,36.939,33.513,"BATE","Y2020"
"SF__BE__.061_01632","BE1_20",5,29.292,26.182,24.354,26.289,17.859,10.547,17.082,59.313,70.34,83.326,38.259,36.02,66.148,79.502,65.543,37.859,31.963,"BATE","Y2020"
"SF__BE__.061_00790","BE1_20",5,30.18,27.461,25.998,26.996,18.34,10.547,16.734,NA,68.582,81.572,-47.221,-47.321,65.1,77.511,65.253,39.981,43.069,"BATE","Y2020"
"SF__BE__.065_02097","BE5_20",5,36.236,32.796,29.508,28.823,21.346,8.433,12.696,59.763,69.344,82.488,-47.221,-47.321,61.454,76.967,74.8,37.087,31.617,"BATE","Y2020"
"SF__BE__.065_01086","BE5_20",5,37.538,33.51,31.713,32.656,24.914,13.108,17.975,54.025,68.18,81.292,41.83,47.25,62.634,75.974,73.191,40.645,39.489,"BATE","Y2020"
"SF__BE__.065_03756","BE5_20",5,37.252,33.644,30.76,30.986,23.841,11.117,17.761,53.297,70.06,83.163,35.931,38.612,62.104,78.008,74.281,37.703,32.785,"BATE","Y2020"
"SF__BE__.065_06024","BE5_20",5,37.428,33.615,30.612,30.557,23.233,10.113,14.962,52.857,71.525,84.65,44.376,47.667,63.545,79.414,76.443,42.904,34.759,"BATE","Y2020"
"SF__BE__.068_01550","BE6_20",5,31.893,28.535,26.538,28.333,20.57,11.414,18.739,47.78,68.572,81.726,38.15,-47.321,64.725,76.081,74.467,44.014,31.244,"BATE","Y2020"
"SF__BE__.068_02531","BE6_20",5,31.862,28.464,26.464,28.259,20.534,11.395,18.712,58.998,68.667,81.928,55.738,55.938,63.031,75.102,76.137,47.043,62.166,"BATE","Y2020"
"SF__BE__.068_00233","BE6_20",5,31.869,28.486,26.506,28.296,20.551,11.469,18.899,NA,63.868,77.05,-47.221,-47.321,56.98,70.632,70.153,39.785,28.489,"BATE","Y2020"
"SF__BE__.070_02770","BE7_20",7,35.999,34.963,35.762,38.342,29.094,22.002,26.583,60.179,71.065,87.056,43.624,40.837,59.613,83.509,78.003,43.057,36.975,"BATE","Y2020"
"SF__BE__.070_03955","BE7_20",7,41.342,35.537,39.311,41.192,30.584,23.542,25.819,53.731,69.622,85.614,57.859,50.835,63.72,81.274,77.525,45.963,40.496,"BATE","Y2020"
"SF__BE__.070_05119","BE7_20",7,35.999,34.959,35.763,38.327,29.021,21.985,26.565,53.292,68.06,84.031,40.226,-44.398,55.747,81.002,75.021,39.948,-41.998,"BATE","Y2020"
"SF__BE__.070_00647","BE7_20",7,36.249,35.577,35.905,37.733,28.012,21.709,25.954,NA,64.207,80.084,47.124,49.422,50.715,76.984,67.642,36.766,41.914,"BATE","Y2020"
"SF__BE__.072_01571","BE7_20",4,38.831,37.548,37.893,40.3,32.496,25.433,28.953,55.041,72.853,83.964,-49.159,-49.259,58.014,80.223,73.768,44.822,-46.859,"BATE","Y2020"
"SF__BE__.072_00295","BE7_20",4,37.048,36.178,37.075,39.37,30.782,24.046,27.884,NA,73.171,84.284,-49.159,-49.259,56.167,80.357,73.757,42.608,33.249,"BATE","Y2020"
"SF__BE__.073_03174","BE7_20",2,40.099,38.828,39.127,41.691,34.538,26.534,29.334,54.409,76.972,82.125,-55.179,-55.279,56.335,77.697,73.939,45.578,31.129,"BATE","Y2020"
"SF__BE__.073_01760","BE7_20",2,39.221,38.428,38.252,39.999,32.359,25.494,28.828,54.728,78.639,83.765,-55.179,-55.279,57.932,79.535,74.363,45.45,33.557,"BATE","Y2020"
"SF__BE__.073_00565","BE7_20",2,38.685,37.772,37.943,39.322,31.784,25.466,28.563,NA,77.342,82.45,-55.179,-55.279,53.829,79.403,73.243,43.413,34.916,"BATE","Y2020"
"SF__BE__.074_00504","BE7_20",5,40.764,37.681,37.099,38.587,30.624,22.107,25.562,NA,76.12,89.185,-47.221,40.813,64.267,84.748,78.777,53.679,40.826,"BATE","Y2020"
"SF__BE__.080_00029","BE9_20",5,30.731,29.51,27.891,30.07,26.23,10.349,9.087,NA,66.88,80.107,45.989,46.062,65.587,72.423,74.337,44.757,38.293,"BATE","Y2020"
"SF__BE__.080_01081","BE9_20",5,33.2,31.511,29.304,33.89,30.976,13.307,12.795,57.262,71.12,84.292,35.713,-47.321,63.453,78.317,77.057,51.295,41.15,"BATE","Y2020"
"SF__BE__.080_02286","BE9_20",5,32.858,31.366,29.607,32.549,29.317,12.321,11.719,46.986,73.766,87.109,-47.221,-47.321,66.045,77.259,82.355,52.733,42.853,"BATE","Y2020"
"SF__BE__.080_03409","BE9_20",5,32.703,32.177,30.286,33.402,34.377,15.192,10.769,58.862,73.715,87.054,42.161,39.371,64.326,77.425,82.261,53.285,43.248,"BATE","Y2020"
"SF__BE__.080_04623","BE9_20",5,33.675,32.664,30.811,34.249,32.143,21.181,14.37,48.134,72.361,85.679,-47.221,-47.321,63.006,76.934,80.894,51.443,48.117,"BATE","Y2020"
"SF__BE__.083_00126","BE10_20",7,29.145,27.164,26.482,27.536,23.64,10.632,14.389,NA,63.822,79.758,32.146,35.293,62.277,76.046,67.29,32.277,-41.998,"BATE","Y2020"
"SF__BE__.083_01510","BE10_20",7,31.896,31.508,32.386,36.898,31.185,16.387,15.557,45.141,62.24,78.147,33.298,41.101,60.872,74.13,67.667,20.128,-41.998,"BATE","Y2020"
"SF__LM__.005_00596","BE1_20",9,21.153,19.09,17.99,16.817,18.478,15.412,12.806,NA,57.388,75.688,-42.115,-42.215,58.865,68.36,68.337,51.422,34.233,"BATE","Y2020"
"SF__LM__.007_12637","BE1_20",9,23.067,21.81,19.275,17.445,19.83,15.075,7.374,41.989,52.34,70.625,-42.115,-42.215,56.165,62.661,63.757,49.862,32.296,"BATE","Y2020"
"SF__LD__.005_01775","LD2_20",6,19.629,18.281,23.581,36.169,26.399,14.845,20.764,52.851,62.18,77.01,-45.637,-45.737,55.157,68.593,71.135,46.053,-43.337,"LODU","Y2020"
"SF__LD__.005_01014","LD2_20",6,19.627,18.263,23.539,36.057,26.347,14.822,21.653,51.88,62.525,77.341,29.766,28.956,54.873,69.229,71.127,46.143,-43.337,"LODU","Y2020"
"SF__LD__.005_00279","LD2_20",6,19.53,18.333,23.191,35.609,26.583,14.787,21.766,NA,61.556,76.363,-45.637,21.835,54.281,69.101,70.648,45.094,-43.337,"LODU","Y2020"
"SF__LD__.010_01137","LD4_20",6,17.788,16.94,18.705,19.05,20.735,12.373,11.881,39.062,58.445,73.256,28.955,39.366,49.391,66.113,66.618,46.61,29.329,"LODU","Y2020"
"SF__LD__.016_01780","LD6_20",2,16.533,15.556,16.351,20.112,20.069,9.055,7.739,46.334,56.819,62.111,-55.179,33.317,45.144,55.235,57.073,37.271,15.163,"LODU","Y2020"
"SF__LD__.016_02326","LD6_20",2,16.088,15.348,15.759,18.462,18.953,9.147,6.747,48.379,58.172,63.44,30.66,33.894,48.931,56.289,57.797,37.523,14.94,"LODU","Y2020"
"SF__LD__.016_00601","LD6_20",2,16.385,16.654,20.5,20.286,19.746,9.483,8.301,NA,56.321,61.568,24.893,31.461,46.051,54.993,55.594,36.334,14.264,"LODU","Y2020"
"SF__LD__.016_00101","LD6_20",2,22.609,20.605,23.802,24.932,27.411,19.702,16.214,NA,56.112,61.298,-55.179,30.835,50.117,54.282,55.139,35.823,-52.879,"LODU","Y2020"
"SF__LD__.017_00698","LD6_20",2,25.504,22.406,21.221,20.866,20.852,10.982,10.702,NA,60.947,66.193,-55.179,34.968,55.513,59.307,61.415,36.276,20.493,"LODU","Y2020"
"SF__LD__.018_03664","LD6_20",2,16.404,14.904,17.088,17.115,19.687,9.788,9.976,51.817,62.483,67.804,-55.179,31.837,52.382,59.727,62.991,36.415,17.658,"LODU","Y2020"
"SF__LD__.018_04389","LD6_20",2,15.7,13.465,13.819,14.311,16.461,10.375,9.402,52.661,61.406,66.69,19.549,33.736,54.405,59.023,61.877,36.697,18.008,"LODU","Y2020"
"SF__LD__.018_05042","LD6_20",2,16.578,14.408,17.016,15.68,17.189,6.924,7.894,51.57,60.768,66.106,16.923,36.246,49.114,58.033,61.586,38.739,18.855,"LODU","Y2020"
"SF__LD__.018_05864","LD6_20",2,23.803,14.159,15.226,21.445,16.973,6.744,8.164,51.104,66.925,72.176,-55.179,39.468,57.821,65.505,66.268,43.148,23.587,"LODU","Y2020"
"SF__LD__.018_01826","LD6_20",2,21.823,22.146,23.275,24.985,25.854,16.921,14.979,51.404,61.91,67.204,-55.179,36.471,55.118,59.862,63.143,38.256,14.226,"LODU","Y2020"
"SF__LD__.018_00412","LD6_20",2,21.419,20.063,20.934,19.836,20.387,14.301,11.148,NA,58.654,63.945,14.394,33.389,50.486,57.055,59.662,35.074,23.723,"LODU","Y2020"
"SF__LD__.018_08010","LD6_20",2,17.601,15.627,16.287,19.678,19.234,7.646,8.471,57.883,65.379,70.678,-55.179,42.115,55.36,64.332,66.435,43.329,25.009,"LODU","Y2020"
"SF__LD__.018_07280","LD6_20",2,17.717,16.212,17.566,18.218,18.087,9.234,10.109,56.208,67.815,73.137,18.831,38.904,54.604,65.624,68.23,41.238,25.058,"LODU","Y2020"
"SF__LD__.018_06555","LD6_20",2,16.554,15.027,13.794,14.278,13.938,7.154,8.127,56.991,66.14,71.472,-55.179,36.851,54.156,63.408,66.57,43.294,24.867,"LODU","Y2020"
"SF__LD__.020_00968","LD7_20",4,19.827,17.624,16.766,18.604,20.17,10.675,8.638,NA,55.484,66.541,30.466,38.431,57.345,61.237,55.71,33.218,19.579,"LODU","Y2020"
"SF__LD__.020_00172","LD7_20",4,19.885,17.649,16.808,18.479,20.097,10.58,8.651,NA,56.244,67.317,-49.159,38.182,56.48,62.716,56.31,34.82,18.83,"LODU","Y2020"
"SF__LD__.021_00320","LD7_20",4,20.293,17.172,15.353,16.397,18.515,9.501,8.875,NA,59.972,71.304,-49.159,44.434,59.724,62.682,67.252,32.743,24.479,"LODU","Y2020"
"SF__LD__.021_01632","LD7_20",4,20.002,17.712,17.323,18.053,19.742,9.99,9.349,36.347,58.497,69.595,33.081,43.391,57.642,64.855,59.21,40.865,23.18,"LODU","Y2020"
"SF__LD__.024_00616","LD8_20",7,36.155,31.923,27.659,26.646,25.884,16.053,12.576,NA,58.184,74.222,51.661,48.787,61.042,66.435,68.944,44.01,39.138,"LODU","Y2020"
"SF__LD__.025_01101","LD8_20",7,33.351,29.378,26.403,24.918,26.419,17.789,21.369,48.822,59.104,75.165,46.61,42.507,58.339,67.383,68.126,41.861,-41.998,"LODU","Y2020"
"SF__LD__.029_01433","LD10_20",12,18.006,15.828,18.452,18.972,18.723,11.583,11.148,44.66,53.266,74.091,-39.616,23.036,58.933,65.206,67.429,41.138,-37.316,"LODU","Y2020"
"SF__LD__.029_00295","LD10_20",12,17.827,15.35,18.414,21.399,17.218,9.573,9.989,NA,55.987,76.79,-39.616,32.311,59.339,69.273,69.62,43.992,30.358,"LODU","Y2020"
"SF__LD__.030_01367","LD10_20",12,16.189,13.277,18.093,19.623,16.465,5.839,6.22,48.028,57.956,78.792,32.674,43.845,63.769,70.106,72.155,46.022,33.288,"LODU","Y2020"
"SF__LD__.030_00376","LD10_20",12,17.812,15.103,17.11,20.811,23.015,10.457,6.615,NA,57.682,78.535,-39.616,29.905,60.239,70.387,72.299,46.277,31.526,"LODU","Y2020"
"SF__LD__.031_01127","LD10_20",12,19.788,16.768,18.485,22.739,23.489,11.972,11.467,47.765,57.516,78.337,38.151,42.495,63.517,69.767,71.657,45.035,34.969,"LODU","Y2020"
"SF__LD__.031_00305","LD10_20",12,16.195,14.391,15.81,16.291,17.894,10.287,9.979,NA,57.379,78.198,30.287,36.259,62.609,69.984,71.202,45.317,32.843,"LODU","Y2020"
"SF__LD__.031_02250","LD10_20",12,19.012,16.42,17.765,18.916,20.293,10.55,9.93,45.438,54.653,75.509,-39.616,34.816,59.419,67.299,69.956,41.57,23.691,"LODU","Y2020"
"SF__LD__.033_01040","LD11_20",13,22.104,20.212,20.498,24.026,26.895,16.919,18.511,39.637,56.312,77.711,-38.921,42.967,56.022,71.323,68.43,51.444,-36.621,"LODU","Y2020"
"SF__RICH.001_00851","RICH2_20",11,12.76,14.481,19.64,21.83,18.243,4.804,7.972,NA,65.029,84.958,27.318,44.515,65.795,80.496,75.163,55.497,42.289,"RICH","Y2020"
"SF__RICH.002_00683","RICH2_20",12,18.591,17.272,19.693,21.73,18.55,21.544,33.189,NA,63.625,84.308,-39.616,49.72,66.192,79.925,74.853,55.642,-37.316,"RICH","Y2020"
"SF__RICH.002_01596","RICH2_20",12,14.551,11.188,15.108,17.473,12.631,9.808,18.232,53.754,64.124,84.803,-39.616,43.365,66.212,80.39,74.76,55.683,43.682,"RICH","Y2020"
"SF__RICH.002_02913","RICH2_20",12,15.071,12.863,15.41,19.608,13.625,11.205,21.702,39.933,59.789,80.454,-39.616,46.048,63.361,75.986,69.909,52.939,-37.316,"RICH","Y2020"
"SF__RICH.002_04118","RICH2_20",12,16.521,13.599,15.23,16.464,14.255,13.548,22.109,39.938,62.06,82.81,-39.616,49.307,65.457,77.221,75.017,55.136,41.109,"RICH","Y2020"
"SF__RICH.002_05272","RICH2_20",12,15.972,15.866,18.254,26.474,24.754,19.383,22.978,40.958,62.333,83.04,-39.616,44.942,65.024,77.907,74.065,53.658,-37.316,"RICH","Y2020"
"SF__RICH.002_06366","RICH2_20",12,16.797,14.995,20.642,26.275,26.381,11.845,20.617,50.211,62.241,82.901,-39.616,45.976,64.688,78.426,72.224,52.46,42.587,"RICH","Y2020"
"SF__RICH.003_00096","RICH2_20",11,20.154,18.743,21.463,22.404,18.319,15.518,26.247,NA,64.866,84.775,32.205,47.788,66.99,80.362,74.172,56.069,42.593,"RICH","Y2020"
"SF__RICH.003_01280","RICH2_20",11,20.235,18.583,20.942,22.007,17.965,15.103,26.346,41.38,64.755,84.659,-40.372,52.393,67.804,80.137,73.862,55.534,31.22,"RICH","Y2020"
"SF__RICH.004_00060","RICH2_20",6,17.406,19.785,20.96,20.79,20.587,13.181,20.431,NA,66.681,81.352,29.244,50.74,65.651,76.389,71.938,53.571,39.53,"RICH","Y2020"
"SF__RICH.004_01168","RICH2_20",6,17.428,19.803,20.976,20.838,20.617,13.294,20.605,54.816,66.839,81.525,39.13,48.1,65.084,76.418,72.496,54.034,42.409,"RICH","Y2020"
"SF__RICH.004_02173","RICH2_20",6,17.452,19.727,20.917,20.81,20.619,13.292,20.604,56.889,66.59,81.285,-45.637,47.745,64.44,76.184,72.61,53.02,40.483,"RICH","Y2020"
"SF__RICH.004_03368","RICH2_20",6,17.512,19.592,20.53,20.571,20.464,13.39,20.86,43.468,68.032,82.742,-45.637,48.906,65.693,77.493,74.551,53.431,42.16,"RICH","Y2020"
"SF__RICH.004_04450","RICH2_20",6,30.378,24.273,27.311,25.525,23.541,18.32,21.152,56.714,67.784,82.474,-45.637,50.149,65.75,77.438,73.774,53.502,40.829,"RICH","Y2020"
"SF__RICH.007_00473","RICH_YM_YS",6,17.432,14.491,14.061,15.742,13.225,7.596,5.232,NA,62.797,77.487,30.767,39.023,59.397,72.762,68.862,42.485,31.983,"RICH","Y2020"
"SF__RICH.014_00917","RICH6_20",10,19.022,17.589,17.182,18.91,18.508,18.046,14.494,NA,66.226,85.375,26.574,41.278,64.979,80.303,76.95,60.666,41.552,"RICH","Y2020"
"SF__RICH.015_00642","RICH7_20",7,22.372,22.097,24.48,27.327,24.241,26.165,21.908,NA,62.786,78.74,32.096,42.728,64.734,75.454,68.431,-42.998,-41.998,"RICH","Y2020"
"SF__RICH.015_01571","RICH7_20",7,20.575,19.649,19.884,27.373,23.392,26.332,27.272,53.768,63.382,79.36,-44.298,43.33,62.883,75.418,69.364,-42.998,-41.998,"RICH","Y2020"
"SF__RICH.015_01969","RICH7_20",7,20.653,19.687,19.825,27.538,23.546,26.469,27.413,54.263,63.471,79.454,-44.298,44.551,63.716,75.39,69.749,-42.998,-41.998,"RICH","Y2020"
"SF__RICH.015_02827","RICH7_20",7,18.306,15.648,15.251,17.903,14.808,9.329,9.865,56.546,65.166,81.131,-44.298,45.274,66.337,77.086,70.308,35.588,31.829,"RICH","Y2020"
"SF__RICH.015_03393","RICH7_20",7,17.884,14.295,13.871,17.217,12.821,9.875,9.521,57.471,65.75,81.7,-44.298,45.268,66.173,77.808,69.73,37.047,29.018,"RICH","Y2020"
"SF__RICH.015_04011","RICH7_20",7,17.715,14.228,13.576,28.077,27.123,33.371,10.443,55.986,66.432,82.392,23.929,46.121,66.98,78.202,71.164,-42.998,30.014,"RICH","Y2020"
"SF__RICH.017_00162","RICH8_20",5,19.193,22.193,19.055,20.211,19.504,5.831,9.954,NA,65.984,79.037,-47.221,44.383,63.767,74.487,68.405,21.194,28.162,"RICH","Y2020"
"SF__RICH.017_00866","RICH8_20",5,19.059,22.028,19.118,20.579,19.572,5.882,9.985,NA,65.816,78.892,-47.221,42.418,63.187,74.254,69.3,24.207,29.886,"RICH","Y2020"
"SF__RICH.017_02168","RICH8_20",5,18.159,16.024,15.771,19.846,18.756,5.656,9.857,60.206,68.17,81.231,20.46,45.534,67.05,76.381,71.106,25.053,33.228,"RICH","Y2020"
"SF__RICH.017_02730","RICH8_20",5,19.312,17.043,16.579,20.41,19.069,6.053,9.81,61.709,67.962,81.032,-47.221,43.948,66.079,76.371,71.314,24.906,32.737,"RICH","Y2020"
"SF__RICH.017_03261","RICH8_20",5,19.766,16.951,17.152,20.235,19.338,6.521,10.541,60.187,68.055,81.115,41.797,45.328,68.208,75.831,71.053,27.379,35.203,"RICH","Y2020"
"SF__RICH.017_03945","RICH8_20",5,22.508,20.372,18.589,22.044,21.798,7.441,11.271,58.224,68.287,81.381,48.367,49.209,68.043,76.097,72.749,30.838,37.16,"RICH","Y2020"
"SF__RICH.017_04583","RICH8_20",5,19.462,17.1,16.707,20.43,19.213,6.094,9.856,58.413,66.128,79.213,-47.221,43.938,64.088,74.246,69.917,24.002,32.131,"RICH","Y2020"
"SF__RICH.020_00157","RICH_WS_Ylb",3,26.015,23.166,22.507,25.658,22.571,33.417,15.085,NA,69.427,77.972,34.586,40.353,66.669,74.208,63.694,-50.358,29.102,"RICH","Y2020"
"SF__RICH.020_00882","RICH_WS_Ylb",3,25.907,22.971,22.328,25.388,22.409,33.569,15.011,NA,69.216,77.796,-51.658,43.128,63.544,73.957,65.513,-50.358,26.969,"RICH","Y2020"
"SF__RICH.021_00330","RICH_WS_Ylb",4,23.005,22.206,24.67,26.96,20.808,18.315,20.112,NA,63.761,74.812,-49.159,42.968,61.511,71.357,60.708,-47.859,29.003,"RICH","Y2020"
"SF__RICH.021_01295","RICH_WS_Ylb",4,27.403,27.015,26.526,29.858,26.076,29.308,23.808,54.176,66.602,77.682,-49.159,39.085,61.087,73.968,65.299,-47.859,-46.859,"RICH","Y2020"
"SF__RICH.021_02362","RICH_WS_Ylb",4,21.528,30.168,23.713,28.703,27.248,26.557,12.113,56.547,66.885,78,39.873,-49.259,62.788,74.02,68.074,-47.859,23.669,"RICH","Y2020"
"SF__RICH.021_03531","RICH_WS_Ylb",4,24.25,25.019,18.95,26.41,26.078,24.077,11.926,43.697,66.176,77.29,-49.159,-49.259,62.28,74.54,68.173,-47.859,24.241,"RICH","Y2020"
"SF__RICH.021_04435","RICH_WS_Ylb",4,21.43,20.877,19.641,23.357,24.071,34.235,13.756,56.354,67.675,78.756,-49.159,39.767,62.145,75.534,66.342,-47.859,25.878,"RICH","Y2020"
"SF__RICH.021_05476","RICH_WS_Ylb",4,24.658,24.351,24.05,26.765,22.348,18.716,15.002,57.699,67.311,78.413,28.495,42.914,60.721,74.956,67.494,-47.859,24.627,"RICH","Y2020"
"SF__RICH.023_00001","RICH11_20",11,20.004,20.334,18.517,20.903,19.603,14.497,10.187,NA,62.586,82.481,37.07,49.12,65.845,78.123,71.421,41.032,27.467,"RICH","Y2020"
"SF__RICH.027_00744","RICH12_20",5,22.002,16.846,21.476,21.797,21.084,13.982,6.812,NA,56.279,69.368,28.675,29.547,48.153,65.768,61.344,36.412,17.716,"RICH","Y2020"
"SF__RICH.027_01474","RICH12_20",5,22.966,18.503,16.487,22.711,18.756,13.441,7.267,48.605,57.224,70.277,19.882,29.231,52.296,66.645,60.521,37.119,14.202,"RICH","Y2020"
"SF__RICH.027_02393","RICH12_20",5,22.596,18.108,17.614,23.522,20.05,14.476,8.242,48.942,61.115,74.222,-47.221,31.901,55.558,70.596,66.694,43.117,23.087,"RICH","Y2020"
"SF__RICH.027_03077","RICH12_20",5,25.897,21.286,19.147,24.291,21.163,16.047,9.371,51.878,57.955,71.019,-47.221,33.18,52.533,67.521,62.034,39.025,17.863,"RICH","Y2020"
"SF__RICH.027_03735","RICH12_20",5,25.9,21.292,19.132,24.302,21.26,16.841,9.391,49.793,56.088,69.139,-47.221,-47.321,49.946,65.502,59.572,31.82,-44.921,"RICH","Y2020"
"SF__LM__.011_00001","LM5_20",5,24.733,22.717,21.361,22.699,24.003,13.834,17.396,NA,56.447,69.491,-47.221,41.93,59.716,64.362,61.142,41.072,-44.921,"LAME","Y2020"
"SF__LM__.011_01668","LM5_20",5,29.155,27.965,26.445,26.326,28.273,19.002,22.195,42.968,56.947,69.958,-47.221,38.205,58.487,64.246,60.806,40.187,-44.921,"LAME","Y2020"
"SF__LM__.017_00024","LM6_20",9,24.183,20.117,19.437,21.424,20.095,7.994,9.232,NA,56.608,74.939,-42.115,45.38,56.171,66.57,67.886,45.932,46.561,"LAME","Y2020"
"SF__LM__.017_01157","LM6_20",9,25.747,22.639,23.105,24.83,26.904,23.601,26.034,45.067,56.749,75.008,-42.115,46.232,55.344,67.776,67.709,34.202,-39.815,"LAME","Y2020"
"SF__LM__.019_00001","LM2_20",6,36.317,34.972,34.798,35.942,37.701,26.661,30.654,NA,61.511,76.348,-45.637,31.574,47.994,66.939,73.475,45.66,30.836,"LAME","Y2020"
"SF__LM__.019_01709","LM2_20",6,34.146,33.472,34.394,35.444,38.698,26.877,30.472,51.332,60.435,75.125,-45.637,-45.737,49.951,67.068,70.113,45.517,38.913,"LAME","Y2020"
"SF__LM__.019_03592","LM2_20",6,33.284,33.495,33.327,34.408,37.318,25.934,30.469,50.901,61.691,76.418,33.906,39.156,48.089,68.567,70.582,43.835,38.063,"LAME","Y2020"
"SF__LM__.019_05695","LM2_20",6,33.286,33.514,33.339,34.403,37.335,25.945,30.458,50.813,60.938,75.68,38.007,-45.737,49.485,67.084,70.464,43.799,37.351,"LAME","Y2020"
"SF__LM__.019_07316","LM2_20",6,39.596,38.202,35.798,35.655,38.365,25.785,29.898,51.224,61.939,76.537,-45.637,-45.737,49.338,68.576,70.403,45.436,41.125,"LAME","Y2020"
"SF__LM__.021_00142","LM3_20",10,19.384,22.084,22.794,25.296,23.023,20.991,8.17,NA,54.841,73.99,36.14,41.687,51.628,67.584,66.11,46.232,30.93,"LAME","Y2020"
"SF__LM__.021_01795","LM3_20",10,20.242,21.712,23.356,25.926,22.976,19.519,9.26,39.785,55.293,74.418,44.879,46.884,52.568,68.325,65.965,46.969,32.006,"LAME","Y2020"
"SF__LM__.025_00642","LM8_20",8,22.092,24.938,22.667,35.276,24.142,18.423,11.286,NA,60.655,77.934,-43.138,35.689,58.047,70.467,71.104,57.627,38.952,"LAME","Y2020"
"SF__LM__.025_02117","LM8_20",8,26.845,24.28,21.624,21.93,20.544,10.611,8.463,42.583,61.003,78.389,-43.138,40.202,56.537,69.889,73.104,56.436,37.139,"LAME","Y2020"
"SF__LM__.025_06269","LM8_20",8,26.844,23.434,22.687,23.979,25.833,18.632,14.299,53.633,62.342,79.601,-43.138,45.565,60.952,72.895,71.846,56.286,39.283,"LAME","Y2020"
"SF__LM__.027_00790","LM4_20",5,20.505,17.804,18.916,24.513,23.899,9.906,5.961,NA,56.236,69.389,27.201,38.582,56.393,62.458,62.575,39.074,19.595,"LAME","Y2020"
"SF__LM__.027_01275","LM4_20",5,19.258,17.395,22.189,27.005,30.468,12.871,7.923,49.326,56.41,69.544,22.61,40.961,55.895,62.35,62.686,39.151,19.813,"LAME","Y2020"
"SF__LM__.027_01760","LM4_20",5,21.485,18.645,20.022,27.223,25.931,9.814,5.688,50.084,54.822,67.958,-47.221,39.881,56.374,60.746,61.627,38.899,20.361,"LAME","Y2020"
"SF__LM__.027_02245","LM4_20",5,20.431,20.077,25.193,25.613,30.104,14.02,14.746,49.419,58.729,71.958,35.924,42.313,56.721,63.469,66.183,42.094,34.263,"LAME","Y2020"
"SF__LM__.027_02862","LM4_20",5,18.718,18.23,25.724,25.803,28.267,9.241,7.906,50.609,60.391,73.515,25.18,44.002,62.696,65.928,66.153,41.215,24.775,"LAME","Y2020"
"SF__LM__.027_03485","LM4_20",5,20.898,19.089,19.853,22.447,23.049,12.555,10.586,50.966,57.851,70.991,-47.221,41.766,59.102,64.114,63.886,42.35,6.071,"LAME","Y2020"
"SF__LM__.027_04052","LM4_20",5,19.533,20.197,23.856,26.539,27.571,19.534,17.267,48.595,59.153,72.319,27.178,43.769,59.047,64.804,65.495,43.013,33.889,"LAME","Y2020"
"SF__LM__.027_05027","LM4_20",5,20.835,19.459,23.384,27.077,31.004,19.902,21.17,52.654,60.015,73.212,-47.221,44.5,58.926,65.339,66.937,43.151,-44.921,"LAME","Y2020"
"SF__LM__.027_06606","LM4_20",5,29.916,30.455,30.457,31.07,31.153,18.734,14.633,55.382,62.649,75.794,45.106,48.092,60.394,69.034,68.779,46.938,35.038,"LAME","Y2020"
"SF__LM__.027_07127","LM4_20",5,20.687,18.861,20.165,23.284,26.835,14.323,15.221,56.541,63.821,76.957,32.929,46.592,64.087,69.649,68.841,46.526,28.505,"LAME","Y2020"
"SF__LM__.027_07688","LM4_20",5,21.321,18.906,19.519,22.456,23.234,9.615,7.686,56.162,62.854,76.036,16.707,48.265,60.081,69.174,68.893,46.843,33.714,"LAME","Y2020"
"SF__LM__.027_08214","LM4_20",5,21.392,19.024,19.77,22.546,23.382,10.08,7.995,56.065,62.985,76.18,16.55,46.773,59.128,69.403,69.331,46.591,29.611,"LAME","Y2020"
"SF__LM__.027_08786","LM4_20",5,21.528,20.676,26.539,27.179,28.969,12.639,9.292,55.887,62.58,75.776,33.675,47.348,59.734,68.599,69.11,47.037,31.319,"LAME","Y2020"
"SF__LM__.027_09327","LM4_20",5,28.745,25.656,24.553,27.895,30.962,20.81,19.063,55.215,62.671,75.845,-47.221,44.91,60.234,68.91,68.996,46.161,36.842,"LAME","Y2020"
"SF__LM__.027_09878","LM4_20",5,21.968,20.657,20.716,23.22,29.99,18.674,12.854,55.232,63.967,77.197,34.292,47.64,60.83,69.365,70.882,47.454,32.653,"LAME","Y2020"
"SF__LM__.027_10465","LM4_20",5,22.712,22.331,22.369,27.543,31.921,19.476,16.233,55.103,63.171,76.385,41.597,47.457,59.586,68.695,69.868,46.012,15.216,"LAME","Y2020"
"SF__LM__.027_11083","LM4_20",5,32,29.944,30.748,30.977,34.57,22.69,27.365,54.096,65.251,78.455,-47.221,46.276,63.424,70.228,72.072,47.494,-44.921,"LAME","Y2020"
"SF__LM__.027_11682","LM4_20",5,27.416,26.154,27.196,29.709,30.332,15.404,16.009,55.883,65.079,78.285,35.806,45.759,64.494,70.442,71.993,47.667,31.367,"LAME","Y2020"
"SF__LM__.032_00039","LM9_20",5,24.424,24.31,22.541,22.05,27.506,27.173,22.684,NA,60.828,73.862,37.631,47.838,62.804,67.89,63.811,46.852,-44.921,"LAME","Y2020"
"SF__LM__.033_00325","LM9_20",11,22.337,19.035,18.444,25.673,26.208,8.178,5.844,NA,57.461,77.321,35.898,49.308,66.435,70.697,66.514,45.724,35.124,"LAME","Y2020"
"SF__LM__.033_01943","LM9_20",11,22.809,21.985,19.439,28.499,20.735,16.511,13.873,45.469,56.236,76.121,-40.372,51.109,64.089,69.015,66.381,46.062,-38.072,"LAME","Y2020"
"SF__LM__.033_02857","LM9_20",11,23.6,23.354,23.991,27.824,25.787,18.944,14.54,47.203,54.921,74.779,39.372,50.383,63.159,67.915,65.564,46.745,24.168,"LAME","Y2020"
"SF__LM__.035_00963","LM10_20",9,23.346,22.528,21.173,21.098,24.853,19.179,11.444,NA,47.9,65.97,40.837,44.122,50.607,61.173,58.758,37.125,32.636,"LAME","Y2020"
"SF__LM__.035_02005","LM10_20",9,25.705,24.464,23.862,22.107,23.114,17.103,10.86,41.414,48.547,66.531,-42.115,38.816,51.972,60.04,57.822,37.098,25.48,"LAME","Y2020"
"SF__LM__.035_03225","LM10_20",9,21.823,20.625,19.784,20.992,20.77,19.926,13.361,38.826,47.184,65.245,36.562,41.025,50.296,59.575,56.8,40.018,30.501,"LAME","Y2020"
"SF__LM__.035_04082","LM10_20",9,23.502,21.818,21.626,22.544,24.588,19.916,16.118,40.255,51.233,69.406,37.911,43.012,51.984,63.562,62.053,42.052,-39.815,"LAME","Y2020"
"SF__LM__.035_04868","LM10_20",9,26.251,25.932,23.783,20.274,21.781,15.055,10.831,43.225,52.653,70.807,-42.115,-42.215,57.615,65.784,63.06,42.294,-39.815,"LAME","Y2020"
"SF__LM__.035_05721","LM10_20",9,22.543,21.852,22.069,27.606,23.297,15.545,10.687,43.949,55.345,73.531,18.2,45.536,60.029,66.546,65.049,47.18,27.228,"LAME","Y2020"
"SF__LM__.035_06805","LM10_20",9,20.643,20.742,22.809,17.224,18.526,11.483,9.829,45.599,56.057,74.306,35.724,45.177,55.949,67.394,65.875,46.831,32.074,"LAME","Y2020"
"SF__LM__.035_07923","LM10_20",9,24.551,21.773,19.678,19.107,22.332,12.57,8.58,45.934,55.157,73.428,-42.115,43.262,54.748,66.538,66.036,45.752,32.368,"LAME","Y2020"
"SF__LM__.035_09031","LM10_20",9,24.474,21.171,19.2,17.846,18.422,10.842,7.301,44.009,56.439,74.726,-42.115,45.052,57.166,67.551,67.47,46.899,30.24,"LAME","Y2020"
"SF__LM__.035_10113","LM10_20",9,24.84,22.007,21.081,21.519,23.777,13.346,9.206,46.731,55.288,73.527,-42.115,43.053,54.47,66.557,65.252,46.38,30.942,"LAME","Y2020"
"SF__LM__.035_11236","LM10_20",9,24.809,22.009,21.134,21.567,22.634,13.427,9.263,44.501,56.448,74.717,33.799,44.404,54.945,67.398,66.853,47.167,33.684,"LAME","Y2020"
"SF__LM__.035_13494","LM10_20",9,25.665,21.739,21.03,21.98,20.593,12.758,11.189,44.968,55.904,74.173,-42.115,44.513,55.852,67.638,67.001,45.459,-39.815,"LAME","Y2020"
"SF__LM__.035_14903","LM10_20",9,24.206,22.811,22.774,22.488,20.049,12.752,11.834,38.413,52.509,70.713,-42.115,36.853,52.064,64.952,63.23,39.098,28.054,"LAME","Y2020"
"SF__LM__.038_00540","LM11_20",9,22.052,21.357,22.633,22.291,26.764,14.812,9.689,NA,62.185,80.493,30.855,49.164,65.025,72.889,73.628,50.897,41.331,"LAME","Y2020"
"SF__LM__.039_00315","LM11_20",9,22.132,19.982,18.833,23.286,21.645,14.239,10.606,NA,61.815,80.064,-42.115,50.22,65.396,73.177,71.897,50.623,38.543,"LAME","Y2020"
"SF__LM__.039_02296","LM11_20",9,27.059,23.395,22.897,23.815,24.293,19.746,20.435,47.279,63.183,81.465,32.819,50.48,66.504,73.767,73.898,51.587,38.826,"LAME","Y2020"
"SF__LM__.039_04307","LM11_20",9,23.012,20.359,20.784,23.789,23.666,19.486,13.854,46.804,63.15,81.423,32.649,51.295,66.946,73.926,73.699,51.478,40.89,"LAME","Y2020"
"SF__LM__.039_06203","LM11_20",9,23.378,20.552,18.906,18.262,18.222,8.832,13.954,46.14,62.809,81.088,38.151,49.483,67.383,73.411,73.605,51.348,40.246,"LAME","Y2020"
"SF__LM__.039_08020","LM11_20",9,24.146,21.061,21.499,22.781,22.435,14.535,13.386,46.559,62.185,80.465,-42.115,47.893,65.737,72.9,72.872,50.808,39.388,"LAME","Y2020"
"SF__LM__.039_12494","LM11_20",9,24.793,21.789,22.642,24.846,24.228,16.675,14.49,48.769,61.413,79.716,-42.115,49.538,65.121,71.614,72.707,49.583,36.644,"LAME","Y2020"
"SF__LM__.040_00070","LM11_20",9,23.312,22.356,21.607,27.378,28.708,21.782,18.253,NA,61.672,79.96,-42.115,48.65,64.392,72.5,72.842,50.097,40.317,"LAME","Y2020"
"SF__LM__.040_01729","LM11_20",9,24.518,22.516,23.437,26.421,28.07,18.858,17.56,42.645,61.44,79.751,32.994,47.776,62.368,71.945,72.809,48.341,33.913,"LAME","Y2020"
"SF__LM__.040_03148","LM11_20",9,23.491,21.979,21.076,24.376,24.137,15.056,14.012,42.647,61.385,79.699,-42.115,47.992,63.452,71.801,72.71,48.794,38.376,"LAME","Y2020"
"SF__LM__.040_04639","LM11_20",9,23.076,21.756,20.588,23.704,25.12,17.547,16.908,41.682,62.039,80.388,-42.115,52.976,62.839,71.868,73.74,52.863,48.523,"LAME","Y2020"
"SF__LM__.042_00136","LM12_20",7,33.194,28.999,28.263,28.11,29.881,19.576,15.369,NA,57.108,73.023,47.385,34.893,60.224,67.615,64.952,41.521,30.421,"LAME","Y2020"
"SF__LM__.042_01060","LM12_20",7,37.981,32.635,34.066,35.346,38.401,21.949,17.677,51.132,58.337,74.078,40.77,41.494,58.669,68.814,67.059,39.145,24.539,"LAME","Y2020"
"SF__LM__.042_01760","LM12_20",7,34.872,27.864,27.444,28.142,27.771,19.327,16.034,53.27,58.342,74.318,46.999,45.883,59.166,68.202,66.849,44.771,32.562,"LAME","Y2020"
"SF__LM__.042_02648","LM12_20",7,34.904,27.933,27.491,28.127,27.785,19.284,16.039,51.326,59.252,75.262,42.963,44.666,59.137,69.708,68.267,45.234,32.448,"LAME","Y2020"
"SF__LM__.042_03592","LM12_20",7,31.198,28.251,26.355,25.642,26.398,18.089,14.865,51.039,58.937,74.924,40.759,46.141,61.653,69.001,66.652,45.464,33.124,"LAME","Y2020"
"SF__LM__.042_04460","LM12_20",7,33.956,29.557,29.829,32.475,33.486,31.885,21.875,51.378,60.675,76.627,41.757,41.578,63.068,70.737,68.568,-42.998,-41.998,"LAME","Y2020"
"SF__LM__.042_05614","LM12_20",7,33.418,29.038,27.675,27.314,26.83,20.607,19.094,49.426,57.797,73.712,-44.298,40.974,61.607,67.723,64.786,40.877,-41.998,"LAME","Y2020"
"SF__LM__.042_06239","LM12_20",7,33.462,29.106,27.882,27.415,26.647,20.184,18.55,50.499,61.653,77.681,38.028,43.048,62.631,71.872,70.034,48.185,36.878,"LAME","Y2020"
"SF__LM__.042_07244","LM12_20",7,32.892,28.771,27.354,26.818,27.936,18.841,16.085,52.878,61.055,77.076,32.27,45.571,62.321,70.961,69.185,47.354,36.68,"LAME","Y2020"
"SF__LM__.042_08056","LM12_20",7,32.113,28.064,27.055,26.076,26.783,18.455,16.048,53.047,60.501,76.507,35.272,44.576,62.362,70.688,68.342,45.638,33.935,"LAME","Y2020"
"SF__LM__.042_09010","LM12_20",7,29.837,28.385,27.121,28.322,27.76,18.432,15.749,52.193,61.401,77.439,44.145,42.456,62.589,71.217,69.626,46.844,34.724,"LAME","Y2020"
"SF__LM__.042_09950","LM12_20",7,34.806,28.722,28.905,29.412,28.737,19.416,15.956,54.224,59.301,75.279,-44.298,43.017,59.767,69.55,67.377,42.139,30.879,"LAME","Y2020"
"SF__LM__.042_10935","LM12_20",7,34.129,30.001,29.765,30.183,30.091,19.994,16.542,51.444,60.449,76.442,37.608,44.435,59.618,70.615,68.562,43.611,32.776,"LAME","Y2020"
"SF__LM__.042_11884","LM12_20",7,32.978,30.417,28.333,27.6,27.759,19.844,16.332,52.627,60.256,76.238,-44.298,42.15,61.116,70.587,67.779,43.133,31.033,"LAME","Y2020"
"SF__LM__.042_12917","LM12_20",7,34.988,29.455,28.204,33.631,35.219,22.087,17.747,52.189,55.158,70.814,46.129,43.337,58.694,65.251,62.585,36.37,-41.998,"LAME","Y2020"
"SF__LM__.042_14097","LM12_20",7,33.067,28.819,27.792,27.953,27.7,18.902,15.86,47.816,55.768,71.682,37.455,44.251,58.171,66.289,64.215,39.474,27.74,"LAME","Y2020"
"SF__LM__.051_00785","LM14_20",5,27.734,26.085,26.688,33.442,29.694,18.484,15.41,NA,60.967,73.937,-47.221,42.838,62.204,71.067,61.41,42.402,29.525,"LAME","Y2020"
"SF__LM__.051_02582","LM14_20",5,26.804,25.162,25.95,31.088,26.226,14.681,12.258,56.714,59.524,72.507,35.07,39.886,61.383,68.894,61.169,44.077,31.886,"LAME","Y2020"
"SF__LM__.051_03929","LM14_20",5,31.494,27.902,25.271,27.657,22.59,9.796,17.011,58.187,62.722,75.739,38.232,44.811,62.75,71.458,64.697,48.623,29.493,"LAME","Y2020"
"SF__LM__.051_05609","LM14_20",5,26.275,22.258,22.853,27.978,21.595,8.989,6.51,53.959,64.796,77.833,-47.221,51.362,65.381,73.51,67.38,50.765,35.236,"LAME","Y2020"
"SF__LM__.051_06938","LM14_20",5,34.491,31.092,29.988,32.318,27.64,18.211,15.064,46.582,62.506,75.518,-47.221,44.579,65.766,71.636,66.736,46.174,31.581,"LAME","Y2020"
"SF__LM__.051_09883","LM14_20",5,30.63,26.03,25.506,27.895,20.197,20.102,16.37,55.709,60.9,73.917,-47.221,46.788,63.064,70.415,64.306,44.3,28.792,"LAME","Y2020"
"SF__LM__.051_11410","LM14_20",5,28.724,26.463,26.767,29.647,26.409,20.795,13.544,43.622,57.986,70.986,-47.221,40.28,60.163,68.19,61.549,43.579,30.658,"LAME","Y2020"
"SF__LM__.053_03378","LM15_20",6,32.355,30.003,30.256,32.113,22.973,19.027,13.135,57.475,51.381,65.54,-45.637,-45.737,55.897,62.111,49.539,32.881,16.066,"LAME","Y2020"
"SF__LM__.053_01795","LM15_20",6,30.853,28.68,29.238,30.816,22.236,17.874,11.357,60.053,50.624,64.771,40.17,38.9,60.221,59.671,44.424,32.514,-43.337,"LAME","Y2020"
"SF__LM__.053_04516","LM15_20",6,29.423,27.246,27.77,30.662,22.87,18.695,11.017,46.968,52.273,66.578,39.36,40.265,64.46,59.189,53.282,-44.337,-43.337,"LAME","Y2020"
"SF__LM__.053_08418","LM15_20",6,31.713,28.868,27.414,31.505,21.451,15.61,7.714,56.953,55.364,69.783,37.227,34.011,64.433,64.494,58.692,36.803,21.304,"LAME","Y2020"
"SF__LM__.055_00820","LM16_20",6,40.208,36.959,35.124,37.028,32.06,35.556,27.986,NA,58.37,72.546,-45.637,42.643,56.302,69.044,59.007,-44.337,-43.337,"LAME","Y2020"
"SF__LM__.056_01254","LM16_20",6,28.472,25.859,24.296,25.087,15.912,14.137,10.109,51.996,60.028,74.595,-45.637,41.374,59.801,71.193,59.863,48.01,19.718,"LAME","Y2020"
"SF__LM__.056_01877","LM16_20",6,30.53,28.122,25.743,25.174,26.931,35.208,20.376,51.85,59.58,74.125,34.14,41.269,58.176,70.418,59.958,-44.337,-43.337,"LAME","Y2020"
"SF__LM__.056_04802","LM16_20",6,34.126,31.435,29.74,31.322,28.495,35.235,26.606,54.397,62.478,76.983,36.351,43.252,68.882,73.34,63.552,-44.337,-43.337,"LAME","Y2020"
"SF__LM__.056_05711","LM16_20",6,38.133,34.232,33.889,35.815,29.576,35.013,24.691,56.628,61.177,75.626,38.535,46.9,64.331,72.664,62.577,48.493,-43.337,"LAME","Y2020"
"SF__LM__.056_06356","LM16_20",6,29.927,28.308,28.125,26.89,17.028,12.696,7.653,55.296,62.211,76.789,-45.637,47.285,62.053,73.367,63.213,53.014,28.358,"LAME","Y2020"
"SF__LM__.056_07035","LM16_20",6,30.829,29.395,28.761,28.141,21.643,18.287,10.582,52.878,62.224,76.78,39.238,43.686,61.531,73.483,60.612,52.054,40.269,"LAME","Y2020"
"SF__LM__.056_07847","LM16_20",6,36.199,32.281,30.766,30.785,26.104,34.094,23.843,54.159,59.612,74.082,41.633,46.552,60.904,70.134,61.937,44.695,-43.337,"LAME","Y2020"
"SF__LM__.056_10077","LM16_20",6,39.186,35.704,33.669,34.396,30.448,38.595,26.499,55.835,63.33,77.802,45.126,50.518,61.499,74.112,63.461,-44.337,-43.337,"LAME","Y2020"
"SF__LM__.057_00147","LM16_20",6,31.739,29.383,28.568,28.622,18.078,11.61,6.635,NA,63.639,78.229,-45.637,51.33,63.522,74.222,65.453,54.378,29.767,"LAME","Y2020"
"SF__LM__.057_00872","LM16_20",6,36.441,34.539,32.955,32.29,22.603,17.974,10.601,NA,63.988,78.53,-45.637,46.572,64.542,74.616,64.691,52.058,29.401,"LAME","Y2020"
"SF__LM__.057_01688","LM16_20",6,30.809,28.464,26.709,26.212,17.563,14.637,11.078,56.854,63.667,78.256,43.942,49.965,62.427,74.239,64.478,55.428,30.032,"LAME","Y2020"
"SF__LM__.057_02444","LM16_20",6,34.688,31.848,29.71,29.063,19.779,15.334,7.732,57.035,64.618,79.193,-45.637,51.298,63.339,75.388,65.455,55.065,32.835,"LAME","Y2020"
"SF__LM__.057_03199","LM16_20",6,30.413,28.376,26.58,26.222,17.294,14.177,10.673,56.491,62.488,77.072,36.172,51.253,63.95,72.939,64.266,54.087,28.797,"LAME","Y2020"
"SF__LM__.057_03960","LM16_20",6,35.142,32.092,30.065,29.848,20.281,15.887,8.233,53.33,63.496,78.062,46.159,51.605,63.971,73.847,65.18,53.895,30.844,"LAME","Y2020"
"SF__LM__.061_02173","LM18_20",5,27.713,25.512,23.274,24.586,17.059,11.834,5.933,51.355,59.72,72.712,36.469,40.5,59.174,66.565,59.439,40.062,20.312,"LAME","Y2020"
"SF__LM__.061_03118","LM18_20",5,30.032,28.895,26.803,28.716,20.874,16.896,8.275,50.995,60.745,73.73,-47.221,41.367,58.664,68.579,60.405,43.282,18.203,"LAME","Y2020"
"SF__LM__.062_00591","LM18_20",5,39.554,37.106,35.376,37.048,29.577,29.209,29.535,NA,58.525,71.086,-47.221,-47.321,58.855,65.824,58.546,-45.921,-44.921,"LAME","Y2020"
"PR__COMW.002_00601","COMW3_20",16,27.182,24.195,20.822,18.079,16.43,16.431,17.409,NA,56.357,79.435,45.822,45.07,62.24,76.142,64.372,50.579,-34.818,"COMW","Y2020"
"PR__COMW.002_01734","COMW3_20",16,28.195,25.982,24.027,23.321,20.961,19.838,14.962,45.504,57.016,80.067,-37.118,-37.218,69.635,75.57,66.443,51.107,-34.818,"COMW","Y2020"
"PR__COMW.025_00565","COMW12_20",9,21.054,17.607,18.003,22.602,20.23,12.087,8.61,NA,54.832,72.925,-42.115,46.319,57.87,68.291,58.455,48.338,30.384,"COMW","Y2020"
"PR__COMW.025_01775","COMW12_20",9,21.885,18.042,14.326,14.331,11.463,11.217,8.73,38.51,56.467,74.592,-42.115,46.885,59.045,69.776,61.196,51.127,33.421,"COMW","Y2020"
"PR__COMW.025_05241","COMW12_20",9,20.576,16.858,12.05,13.321,8.362,7.534,6.165,37.217,57.889,76.015,34.279,47.824,58.948,71.484,62.373,51.335,32.687,"COMW","Y2020"
"PR__COMW.025_03398","COMW12_20",9,20.972,17.224,12.846,9.962,7.829,8.31,6.687,37.141,55.93,74.057,-42.115,47.312,58.687,69.27,60.964,50.346,32.867,"COMW","Y2020"
"PR__COMW.025_10654","COMW12_20",9,22.038,18.357,14.696,13.619,10.83,10.375,8.294,41.571,56.496,74.669,-42.115,47.924,60.201,68.931,63.491,54.496,35.369,"COMW","Y2020"
"PR__COMW.025_09414","COMW12_20",9,21.531,17.496,13.597,11.086,9.314,9.905,8.461,39.365,56.565,74.717,-42.115,46.25,60.029,69.662,63.208,52.05,34.128,"COMW","Y2020"
"PR__COMW.025_07132","COMW12_20",9,21.957,18.495,13.95,12.047,10.625,10.727,7.987,38.81,57.6,75.741,-42.115,48.021,60.042,70.943,62.973,54.382,35.028,"COMW","Y2020"
"PR__COMW.028_01887","COMW13_20",8,20.549,17.467,14.741,13.295,14.836,13.666,11.173,37.213,65.343,82.513,38.029,44.212,57.318,77.767,71.495,62.389,39.603,"COMW","Y2020"
"PR__COMW.028_00601","COMW13_20",8,21.996,18.957,17.128,16.369,17.105,16.845,14.414,NA,63.062,80.221,30.077,43.448,54.625,75.648,68.522,60.822,33.515,"COMW","Y2020"
"PR__COMW.030_01300","COMW13_20",9,22.588,20.276,16.981,15.142,16.139,12.921,9.272,38.732,55.235,73.381,34.384,36.439,49.942,69.037,61.052,52.102,23.642,"COMW","Y2020"
"PR__COMW.032_00070","COMW14_20",8,26.734,23.769,23.446,26.447,27.489,16.369,12.451,NA,55.353,72.395,41.638,39.139,53.463,68.9,59.135,44.611,24.718,"COMW","Y2020"
"PR__COMW.040_05333","COMW16_20",23,27.45,24.514,20.819,16.073,12.591,9.459,7.581,43.747,52.339,78.574,-33.965,-34.065,45.501,75.335,66.914,45.209,30.784,"COMW","Y2020"
"PR__COMW.040_04358","COMW16_20",23,27.543,24.586,20.902,16.025,12.505,9.301,7.436,42.465,49.14,75.338,-33.965,-34.065,42.398,71.164,65.385,46.441,34.338,"COMW","Y2020"
"PR__COMW.040_01510","COMW16_20",23,25.355,22.517,19.104,15.961,14.009,11.707,9.667,41.699,48.179,74.358,-33.965,-34.065,36.173,72.18,60.728,36.84,-31.665,"COMW","Y2020"
"PR__COMW.040_02209","COMW16_20",23,25.969,22.741,19.015,14.133,10.762,7.879,6.455,43.095,47.598,73.785,-33.965,42.516,47.563,70.055,62.994,49.442,46.042,"COMW","Y2020"
"PR__COMW.040_02954","COMW16_20",23,26.645,23.654,20.232,16.529,16.009,14.031,11.723,43.353,48.223,74.367,33.231,32.841,42.187,70.49,63.11,38.708,-31.665,"COMW","Y2020"
"PR__COMW.040_03613","COMW16_20",23,26.658,23.102,19.043,14.748,13.426,10.334,8.212,43.116,46.992,73.082,-33.965,41.463,43.555,70.213,57.956,33.656,37.602,"COMW","Y2020"
"PR__COMW.040_06131","COMW16_20",23,25.984,22.735,19.017,14.149,10.771,7.879,6.466,44.843,49.375,75.569,47.673,45.627,46.765,72.037,63.114,44.877,32.795,"COMW","Y2020"
"PR__COMW.040_06974","COMW16_20",23,26.549,23.866,19.765,15.106,11.166,7.973,6.441,43.087,50.801,77.025,-33.965,-34.065,43.061,74.465,64.387,40.708,32.449,"COMW","Y2020"
"PR__COMW.040_08479","COMW16_20",23,26.144,23.186,19.162,14.256,10.497,7.227,5.98,42.59,55.341,81.608,43.532,34.228,51.97,77.848,69.258,48.966,30.908,"COMW","Y2020"
"PR__COMW.040_09567","COMW16_20",23,25.933,22.602,18.8,14.716,14.22,13.524,25.972,45.672,50.8,77.048,-33.965,39.693,48.787,72.989,66.377,45.266,-31.665,"COMW","Y2020"
"PR__COMW.040_11241","COMW16_20",23,26.514,23.576,19.429,14.703,11.698,12.153,19.238,42.484,55.628,81.926,-33.965,39.699,54.005,77.589,70.662,58.305,53.099,"COMW","Y2020"
"PR__COMW.040_12096","COMW16_20",23,26.506,23.574,19.441,14.714,11.758,12.141,19.177,46.693,56.198,82.496,40.246,43.272,54.81,78.468,71.912,50.363,-31.665,"COMW","Y2020"
"PR__COMW.040_13055","COMW16_20",23,25.947,22.895,19.051,15.072,15.122,15.551,7.336,47.123,53.53,79.787,49.546,49.565,54.597,75.789,67.786,49.553,22.59,"COMW","Y2020"
"PR__COMW.041_00999","COMW16_20",19,26.335,23.22,19.097,14.737,13.675,9.245,7.139,42.337,57.771,82.426,44.857,42.879,53.934,77.967,71.945,52.118,38.479,"COMW","Y2020"
"PR__COMW.046_05512","COMW19_20",14,36.393,34.901,33.128,31.211,30.79,28.899,25.447,49.618,55.04,76.541,51.922,49.798,55.464,73.05,62.99,51.969,48.481,"COMW","Y2020"
"PR__COMW.046_10414","COMW19_20",14,33.512,32.015,29.118,27.636,24.832,21.201,18.136,47.676,56.127,77.937,44.399,44.599,55.364,74.343,64.892,50.757,-35.977,"COMW","Y2020"
"PR__COMW.047_05200","COMW19_20",20,32.572,31.099,28.575,26.713,29.021,22.533,17.813,47.286,56.958,81.886,-35.179,-35.279,58.368,78.123,67.119,48.282,-32.879,"COMW","Y2020"
"PR__COMW.047_02592","COMW19_20",20,34.828,33.373,31.064,28.347,26.695,21.874,27.616,49.457,58.483,83.434,45.554,50.991,61.019,79.166,72.026,55.29,-32.879,"COMW","Y2020"
"PR__COMW.047_03848","COMW19_20",20,36.202,34.207,32.661,30.252,29,25.131,17.706,48.722,56.877,81.688,-35.179,51.514,60.278,77.477,69.449,56.532,46.565,"COMW","Y2020"
"PR__COMW.047_01178","COMW19_20",20,35.105,33.47,31.088,28.399,26.34,21.262,27.904,48.006,56.654,81.582,-35.179,-35.279,59.886,76.774,71.915,58.732,-32.879,"COMW","Y2020"
"PR__COMW.047_00001","COMW19_20",20,35.099,33.628,31.307,28.378,27.258,22.218,30.361,NA,58.051,83.024,-35.179,41.618,61.888,79.454,72.752,56.569,-32.879,"COMW","Y2020"
"PR__COMW.047_06596","COMW19_20",20,32.715,31.305,28.752,26.992,29.58,22.921,18.251,46.494,56.525,81.496,-35.179,-35.279,59.195,77.346,70.705,55.281,-32.879,"COMW","Y2020"
"PR__ABLA.007_00274","AB4_20",16,20.622,18.645,21.093,22.736,19.805,13.935,17.035,NA,57.298,80.586,-37.118,39.638,61.249,73.626,73.05,56.807,-34.818,"ABLA","Y2020"
"PR__ABLA.008_00387","AB4_20",16,30.787,31.386,27.177,25.249,21.736,11.445,13.637,NA,58.918,82.102,54.374,50.757,61.702,76.494,73.51,60.03,40.164,"ABLA","Y2020"
"PR__ABLA.014_00723","AB8_20",9,20.555,19.15,18.041,19.528,20.207,15.411,15.857,NA,47.639,65.906,-42.115,-42.215,43.213,59.955,60.15,46.878,-39.815,"ABLA","Y2020"
"PR__ABLA.014_01397","AB8_20",9,15.276,13.473,12.176,12.889,12.717,7.062,7.465,38.951,40.533,58.779,24.889,24.155,32.354,53.739,52.389,45.043,-39.815,"ABLA","Y2020"
"PR__ABLA.019_00693","AB10_20",6,15.84,20.933,25.939,23.257,17.012,9.569,11.878,NA,53.082,67.78,-45.637,-45.737,48.433,62.379,60.174,41.942,27.008,"ABLA","Y2020"
"PR__ABLA.021_00121","AB10_20",10,15.508,17.899,20.996,20.133,23.057,16.01,15.348,NA,53.105,72.229,33.674,29.265,53.583,67.681,64.531,46.944,-38.9,"ABLA","Y2020"
"PR__ABLA.026_00381","AB11_20",18,17.58,13.788,12.916,14.617,12.59,8.177,8.558,NA,61.552,85.84,-36.095,52.102,66.564,80.237,78.47,55.78,37.628,"ABLA","Y2020"
"PR__ABLA.026_01060","AB11_20",18,17.554,13.764,12.861,14.582,12.672,8.252,8.588,54.299,62.482,86.795,37.203,53.7,67.631,80.739,79.932,55.693,37.684,"ABLA","Y2020"
"PR__ABLA.026_01724","AB11_20",18,17.568,13.781,12.905,14.605,12.585,8.172,8.562,54.505,59.926,84.207,-36.095,54.203,65.941,78.576,76.683,54.304,34.396,"ABLA","Y2020"
"PR__ABLA.026_02735","AB11_20",18,18.145,16.688,14.659,16.284,19.038,12.643,14.265,53.444,60.991,85.251,31.781,52.377,65.938,80.087,77.252,54.672,41.355,"ABLA","Y2020"
"PR__ABLA.026_03516","AB11_20",18,16.697,13.555,13.437,20.265,20.244,7.359,6.203,53.932,59.174,83.494,27.789,50.275,64.739,77.283,76.867,54.487,35.956,"ABLA","Y2020"
"PR__ABLA.026_04521","AB11_20",18,16.599,13.117,11.741,20.59,20.57,7.464,6.183,52.572,60.99,85.293,35.484,51.111,66.352,79.364,78.259,54.57,39.958,"ABLA","Y2020"
"PR__ABLA.026_05154","AB11_20",18,16.652,12.884,11.756,16.449,13.486,5.706,5.701,53.154,58.85,83.152,-36.095,49.442,64.946,77.229,76.15,53.403,35.259,"ABLA","Y2020"
"PR__ABLA.026_05889","AB11_20",18,16.482,13.202,13.156,16.259,16.696,12.377,12.798,51.804,59.303,83.587,31.986,52.439,64.104,78.121,76.232,52.597,-33.795,"ABLA","Y2020"
"PR__ABLA.026_06586","AB11_20",18,16.653,13.322,13.287,16.144,16.523,12.581,13.041,51.814,57.117,81.342,-36.095,48.292,61.655,76.58,72.34,48.96,-33.795,"ABLA","Y2020"
"PR__ABLA.026_07402","AB11_20",18,19.093,15.955,15.775,17.609,16.711,7.344,7.198,51.105,55.831,80.05,34.723,49.815,61.617,75.234,71.052,46.249,39.309,"ABLA","Y2020"
"PR__ABLA.027_01382","AB_KGO_S",5,18.265,15.813,16.648,22.259,22.212,13.089,13.234,50.958,66.226,79.417,-47.221,46.092,57.682,73.433,72.579,49.148,28.235,"ABLA","Y2020"
"PR__ABLA.027_02949","AB_KGO_S",5,16.389,13.703,13.338,15.774,14.093,6.996,8.939,59.204,70.225,83.404,22.471,48.895,63.393,77.549,76.337,52.638,31.294,"ABLA","Y2020"
"PR__ABLA.027_02280","AB_KGO_S",5,17.104,15.037,15.984,18.562,17.046,6.887,8.25,56.358,69.095,82.294,33.548,50.609,62.886,76.341,75.87,52.874,33.05,"ABLA","Y2020"
"PR__ABLA.027_03705","AB_KGO_S",5,20.477,16.989,16.431,19.78,19.768,13.48,17.94,60.296,69.906,83.049,-47.221,49.673,62.74,77.792,75.161,54.059,27.877,"ABLA","Y2020"
"PR__ABLA.027_04578","AB_KGO_S",5,20.779,17.251,16.656,19.824,20.04,13.763,18.352,60.148,67.138,80.288,32.393,47.901,60.336,74.901,72.608,50.745,36.404,"ABLA","Y2020"
"PR__ABLA.027_00739","AB_KGO_S",5,17.731,14.664,15.177,17.927,17.463,11.597,12.456,NA,60.602,73.749,25.118,26.755,53.674,69.689,67.189,46.112,27.807,"ABLA","Y2020"
"PR__ABLA.034_01566","AB15_20",5,16.062,13.393,16.04,12.793,15.115,11.642,9.201,44.725,54.976,68.095,-47.221,36.757,53.132,63.769,59.453,51.747,22.803,"ABLA","Y2020"
"PR__ABLA.041_00131","AB18_20",9,20.355,19.199,19.214,19.366,19.406,13.572,14.516,NA,53.965,72.233,32.599,38.092,54.53,65.872,65.049,46.119,32.736,"ABLA","Y2020"
"PR__ABLA.041_01081","AB18_20",9,18.977,15.853,13.436,13.441,12.742,7.802,8.125,44.786,54.859,73.146,35.719,39.811,55.694,66.381,65.712,48.427,28.387,"ABLA","Y2020"
"PR__ABLA.041_02158","AB18_20",9,21.933,17.843,16.441,14.621,15.721,8.895,8.929,45.324,54.79,73.089,-42.115,38.964,55.074,65.983,65.837,49.143,27.406,"ABLA","Y2020"
"PR__ABLA.041_03235","AB18_20",9,20.115,16.546,12.996,12.201,13.499,8.182,8.32,45.558,55.259,73.552,-42.115,40.154,55.044,66.645,66.066,48.577,29.3,"ABLA","Y2020"
"PR__ABLA.041_04327","AB18_20",9,20.312,18.882,18.773,18.922,18.97,13.151,14.094,45.476,55.273,73.616,-42.115,36.863,55.025,65.667,67.196,49.702,19.949,"ABLA","Y2020"
"PR__ABLA.041_05430","AB18_20",9,20.135,16.507,12.962,12.093,13.153,8.17,7.967,45.322,54.35,72.627,-42.115,38.12,55.52,65.935,64.996,47.632,31.098,"ABLA","Y2020"
"PR__ABLA.043_00657","AB19_20",7,17.786,14.498,12.339,12.437,11.344,7.608,9.613,NA,56.09,72.16,27.522,39.194,57.808,66.453,64.734,42.02,45.885,"ABLA","Y2020"
"PR__ABLA.043_01642","AB19_20",7,19.438,16.624,13.73,12.568,12.319,7.512,7.783,46.841,59.265,75.36,-44.298,32.003,59.568,69.493,68.52,49.528,26.824,"ABLA","Y2020"
"PR__ABLA.043_02633","AB19_20",7,19.419,16.585,13.561,12.069,11.827,7.419,7.716,49.513,56.04,72.096,-44.298,33.344,57.992,66.941,64.941,41.509,23.454,"ABLA","Y2020"
"PR__ABLA.043_03444","AB19_20",7,19.774,17.285,15.347,15.081,15.603,10.155,13.398,46.473,58.063,74.137,27.418,34.312,59.763,68.434,67.106,45.41,-41.998,"ABLA","Y2020"
